playerId,name,team,position,games_played,I_F_goals,I_F_shotsOnGoal,I_F_xGoals,icetime,goals_per_game,shots_per_game,shooting_pct
8480950,Ilya Lyubushkin,TOR,D,74,0.0,47.0,2.71,76034.0,0.0,0.6351351351351351,0.0
8478438,Tommy Novak,NSH,C,71,18.0,113.0,13.95,60495.0,0.2535211267605634,1.591549295774648,0.1592920353982301
8476925,Colton Sissons,NSH,C,81,15.0,131.0,20.86,80548.0,0.18518518518518517,1.617283950617284,0.11450381679389313
8480860,Kevin Bahl,NJD,D,82,1.0,63.0,2.27,85591.0,0.012195121951219513,0.7682926829268293,0.015873015873015872
8478028,Fredrik Olofsson,COL,L,57,3.0,45.0,5.45,33372.0,0.05263157894736842,0.7894736842105263,0.06666666666666667
8475278,Byron Froese,VGK,C,16,0.0,17.0,1.28,10242.0,0.0,1.0625,0.0
8478047,Michael Bunting,PIT,L,81,19.0,168.0,24.34,76232.0,0.2345679012345679,2.074074074074074,0.1130952380952381
8476473,Connor Murphy,CHI,D,46,2.0,51.0,1.5,54736.0,0.043478260869565216,1.108695652173913,0.0392156862745098
8484166,Adam Fantilli,CBJ,C,49,12.0,115.0,11.23,46188.0,0.24489795918367346,2.3469387755102042,0.10434782608695652
8481743,Marc Del Gaizo,NSH,D,9,0.0,8.0,0.62,8889.0,0.0,0.8888888888888888,0.0
8481591,Sam Poulin,PIT,R,3,0.0,2.0,0.05,1402.0,0.0,0.6666666666666666,0.0
8476389,Vincent Trocheck,NYR,C,82,25.0,215.0,33.38,105557.0,0.3048780487804878,2.6219512195121952,0.11627906976744186
8476456,Jonathan Huberdeau,CGY,C,81,12.0,143.0,18.39,84671.0,0.14814814814814814,1.7654320987654322,0.08391608391608392
8470610,Zach Parise,COL,L,30,5.0,50.0,5.93,23341.0,0.16666666666666666,1.6666666666666667,0.1
8471675,Sidney Crosby,PIT,C,82,42.0,278.0,40.47,98827.0,0.5121951219512195,3.3902439024390243,0.1510791366906475
8482162,Roby Jarventie,OTT,L,7,0.0,5.0,0.88,3159.0,0.0,0.7142857142857143,0.0
8481560,Arthur Kaliyev,LAK,R,51,7.0,101.0,10.58,36115.0,0.13725490196078433,1.9803921568627452,0.06930693069306931
8475191,Reilly Smith,PIT,R,76,13.0,152.0,19.38,73570.0,0.17105263157894737,2.0,0.08552631578947369
8477930,Pierre-Edouard Bellemare,SEA,L,40,4.0,36.0,3.23,23612.0,0.1,0.9,0.1111111111111111
8477454,Adam Erne,EDM,L,24,1.0,13.0,1.21,11259.0,0.041666666666666664,0.5416666666666666,0.07692307692307693
8482744,James Malatesta,CBJ,L,11,2.0,12.0,1.5,6743.0,0.18181818181818182,1.0909090909090908,0.16666666666666666
8480803,Evan Bouchard,EDM,D,81,18.0,220.0,12.12,111766.0,0.2222222222222222,2.7160493827160495,0.08181818181818182
8475791,Taylor Hall,CHI,L,10,2.0,20.0,1.47,9798.0,0.2,2.0,0.1
8478463,Anthony Beauvillier,NSH,L,60,5.0,105.0,11.56,48891.0,0.08333333333333333,1.75,0.047619047619047616
8477851,Jordan Oesterle,CGY,D,22,0.0,18.0,0.89,17843.0,0.0,0.8181818181818182,0.0
8482155,Alex Laferriere,LAK,R,81,12.0,147.0,16.05,64250.0,0.14814814814814814,1.8148148148148149,0.08163265306122448
8477401,John Hayden,SEA,C,2,0.0,1.0,0.02,807.0,0.0,0.5,0.0
8478396,Noah Hanifin,VGK,D,80,13.0,164.0,11.51,113347.0,0.1625,2.05,0.07926829268292683
8479941,Justin Danforth,CBJ,R,71,10.0,86.0,14.13,60806.0,0.14084507042253522,1.2112676056338028,0.11627906976744186
8480798,Philipp Kurashev,CHI,C,75,18.0,128.0,17.04,85583.0,0.24,1.7066666666666668,0.140625
8476442,Matt Nieto,PIT,L,22,1.0,13.0,2.03,15327.0,0.045454545454545456,0.5909090909090909,0.07692307692307693
8476918,Jimmy Vesey,NYR,L,80,13.0,116.0,15.51,59409.0,0.1625,1.45,0.11206896551724138
8482070,Mitchell Chaffee,TBL,R,30,4.0,27.0,3.45,20319.0,0.13333333333333333,0.9,0.14814814814814814
8483457,Lane Hutson,MTL,D,2,0.0,3.0,0.22,2726.0,0.0,1.5,0.0
8479991,Jake Leschyshyn,NYR,C,1,0.0,0.0,0.0,388.0,0.0,0.0,0.0
8477244,Chad Ruhwedel,NYR,D,52,1.0,35.0,0.99,39625.0,0.019230769230769232,0.6730769230769231,0.02857142857142857
8470600,Ryan Suter,DAL,D,82,2.0,102.0,3.85,93184.0,0.024390243902439025,1.2439024390243902,0.0196078431372549
8477933,Sam Reinhart,FLA,C,82,57.0,233.0,44.25,99875.0,0.6951219512195121,2.841463414634146,0.2446351931330472
8477018,Ben Hutton,VGK,D,41,2.0,67.0,2.87,39994.0,0.04878048780487805,1.6341463414634145,0.029850746268656716
8476931,Jake McCabe,TOR,D,73,8.0,73.0,3.72,90476.0,0.1095890410958904,1.0,0.1095890410958904
8475763,Kevin Hayes,STL,R,79,13.0,153.0,14.08,68573.0,0.16455696202531644,1.9367088607594938,0.08496732026143791
8480829,Jesperi Kotkaniemi,CAR,C,79,12.0,128.0,14.47,61521.0,0.1518987341772152,1.620253164556962,0.09375
8476453,Nikita Kucherov,TBL,R,81,44.0,306.0,34.0,105310.0,0.5432098765432098,3.7777777777777777,0.1437908496732026
8481719,Maxwell Crozier,TBL,D,13,0.0,13.0,0.33,10089.0,0.0,1.0,0.0
8481617,Vasily Podkolzin,VAN,R,19,0.0,20.0,1.82,12323.0,0.0,1.0526315789473684,0.0
8474586,Jordan Eberle,SEA,R,78,17.0,168.0,22.4,81642.0,0.21794871794871795,2.1538461538461537,0.10119047619047619
8479293,Brandon Tanev,SEA,L,66,7.0,73.0,10.57,57765.0,0.10606060606060606,1.106060606060606,0.0958904109589041
8478104,Sammy Blais,STL,L,53,1.0,33.0,3.32,30812.0,0.018867924528301886,0.6226415094339622,0.030303030303030304
8478445,Mathew Barzal,NYI,C,80,23.0,240.0,20.11,96636.0,0.2875,3.0,0.09583333333333334
8479675,Trevor Moore,LAK,L,82,31.0,244.0,28.41,88461.0,0.3780487804878049,2.975609756097561,0.12704918032786885
8478462,Nicolas Roy,VGK,C,70,13.0,112.0,17.44,64901.0,0.18571428571428572,1.6,0.11607142857142858
8476892,Colton Parayko,STL,D,82,10.0,154.0,6.33,117395.0,0.12195121951219512,1.8780487804878048,0.06493506493506493
8480074,Alexandre Texier,CBJ,C,78,12.0,109.0,10.93,71046.0,0.15384615384615385,1.3974358974358974,0.11009174311926606
8480835,Jack Drury,CAR,C,74,8.0,106.0,11.5,54519.0,0.10810810810810811,1.4324324324324325,0.07547169811320754
8479383,Boris Katchouk,OTT,L,59,7.0,70.0,6.42,40635.0,0.11864406779661017,1.1864406779661016,0.1
8480845,Rasmus Kupari,WPG,C,28,0.0,28.0,1.98,15357.0,0.0,1.0,0.0
8477839,Conor Sheary,TBL,L,57,4.0,50.0,4.96,37970.0,0.07017543859649122,0.8771929824561403,0.08
8477034,Jaycob Megna,CHI,D,44,0.0,28.0,0.94,46261.0,0.0,0.6363636363636364,0.0
8479998,Mikey Anderson,LAK,D,74,2.0,89.0,4.5,91603.0,0.02702702702702703,1.2027027027027026,0.02247191011235955
8477950,Tony DeAngelo,CAR,D,31,3.0,44.0,1.52,26671.0,0.0967741935483871,1.4193548387096775,0.06818181818181818
8477073,Kurtis MacDermid,NJD,L,45,2.0,16.0,1.49,13049.0,0.044444444444444446,0.35555555555555557,0.125
8476882,Teuvo Teravainen,CAR,L,76,25.0,142.0,17.22,74792.0,0.32894736842105265,1.868421052631579,0.176056338028169
8476884,Derrick Pouliot,DAL,D,5,0.0,5.0,0.11,3642.0,0.0,1.0,0.0
8475220,Marcus Foligno,MIN,L,55,10.0,56.0,8.83,47791.0,0.18181818181818182,1.018181818181818,0.17857142857142858
8482245,Artem Zub,OTT,D,69,5.0,85.0,5.23,87015.0,0.07246376811594203,1.2318840579710144,0.058823529411764705
8478407,Vince Dunn,SEA,D,59,11.0,120.0,6.65,81728.0,0.1864406779661017,2.0338983050847457,0.09166666666666666
8476393,Nick Cousins,FLA,C,69,7.0,111.0,10.53,50450.0,0.10144927536231885,1.608695652173913,0.06306306306306306
8478483,Mitch Marner,TOR,R,69,26.0,158.0,21.85,88085.0,0.37681159420289856,2.289855072463768,0.16455696202531644
8484144,Connor Bedard,CHI,C,68,22.0,206.0,21.33,80716.0,0.3235294117647059,3.0294117647058822,0.10679611650485436
8483490,Pavel Mintyukov,ANA,D,63,4.0,88.0,6.09,71233.0,0.06349206349206349,1.3968253968253967,0.045454545454545456
8479291,Kevin Rooney,CGY,C,33,3.0,27.0,2.79,22207.0,0.09090909090909091,0.8181818181818182,0.1111111111111111
8478451,Ethan Bear,WSH,D,24,1.0,24.0,1.61,21464.0,0.041666666666666664,1.0,0.041666666666666664
8480035,Henri Jokiharju,BUF,D,74,3.0,84.0,3.33,84271.0,0.04054054054054054,1.135135135135135,0.03571428571428571
8475744,Evgeny Kuznetsov,CAR,C,63,8.0,96.0,10.47,66347.0,0.12698412698412698,1.5238095238095237,0.08333333333333333
8479671,Mathieu Olivier,CBJ,R,54,5.0,55.0,6.54,36554.0,0.09259259259259259,1.0185185185185186,0.09090909090909091
8473994,Jamie Benn,DAL,L,82,21.0,164.0,24.25,74390.0,0.25609756097560976,2.0,0.12804878048780488
8480049,Dylan Samberg,WPG,D,78,1.0,77.0,2.35,73128.0,0.01282051282051282,0.9871794871794872,0.012987012987012988
8477380,Jonny Brodzinski,NYR,C,57,6.0,89.0,6.76,38056.0,0.10526315789473684,1.5614035087719298,0.06741573033707865
8477425,Miles Wood,COL,L,74,9.0,167.0,21.07,60758.0,0.12162162162162163,2.2567567567567566,0.05389221556886228
8475765,Vladimir Tarasenko,FLA,R,76,23.0,155.0,15.62,71760.0,0.3026315789473684,2.039473684210526,0.14838709677419354
8478874,Adam Gaudette,STL,C,2,0.0,0.0,0.06,1176.0,0.0,0.0,0.0
8481521,Ronnie Attard,PHI,D,12,0.0,14.0,1.08,11077.0,0.0,1.1666666666666667,0.0
8476479,Phillip Danault,LAK,C,78,17.0,159.0,19.08,84339.0,0.21794871794871795,2.0384615384615383,0.1069182389937107
8474151,Ryan McDonagh,NSH,D,74,3.0,91.0,3.37,96739.0,0.04054054054054054,1.2297297297297298,0.03296703296703297
8477402,Pavel Buchnevich,STL,L,80,27.0,207.0,27.91,95158.0,0.3375,2.5875,0.13043478260869565
8482259,Bobby McMann,TOR,C,56,15.0,118.0,10.89,38839.0,0.26785714285714285,2.107142857142857,0.1271186440677966
8480009,Eeli Tolvanen,SEA,R,81,16.0,153.0,16.55,76021.0,0.19753086419753085,1.8888888888888888,0.10457516339869281
8473533,Jordan Staal,CAR,C,80,10.0,123.0,15.22,73818.0,0.125,1.5375,0.08130081300813008
8476917,Adam Pelech,NYI,D,58,1.0,71.0,3.41,70580.0,0.017241379310344827,1.2241379310344827,0.014084507042253521
8482807,Ethan Del Mastro,CHI,D,2,0.0,0.0,0.0,2229.0,0.0,0.0,0.0
8478450,Parker Wotherspoon,BOS,D,41,0.0,32.0,0.84,43596.0,0.0,0.7804878048780488,0.0
8480039,Martin Necas,CAR,C,77,24.0,231.0,22.42,80186.0,0.3116883116883117,3.0,0.1038961038961039
8481577,Philip Tomasino,NSH,C,41,7.0,62.0,6.15,30932.0,0.17073170731707318,1.5121951219512195,0.11290322580645161
8478057,Dakota Joshua,VAN,C,63,18.0,84.0,14.12,54376.0,0.2857142857142857,1.3333333333333333,0.21428571428571427
8475794,Tyler Seguin,DAL,C,68,25.0,154.0,19.97,67512.0,0.36764705882352944,2.264705882352941,0.16233766233766234
8479400,Pierre-Luc Dubois,LAK,C,82,16.0,146.0,21.51,77250.0,0.1951219512195122,1.7804878048780488,0.1095890410958904
8481043,Cole Koepke,TBL,L,9,0.0,9.0,1.37,3619.0,0.0,1.0,0.0
8479385,Jordan Kyrou,STL,C,82,31.0,251.0,24.72,90192.0,0.3780487804878049,3.0609756097560976,0.12350597609561753
8474102,David Perron,DET,L,76,17.0,151.0,16.68,71268.0,0.2236842105263158,1.986842105263158,0.11258278145695365
8483499,Liam Ohgren,MIN,L,4,1.0,8.0,0.58,3483.0,0.25,2.0,0.125
8478856,Conor Garland,VAN,R,82,20.0,200.0,18.87,71529.0,0.24390243902439024,2.4390243902439024,0.1
8480028,Morgan Frost,PHI,C,71,13.0,135.0,14.69,67423.0,0.18309859154929578,1.9014084507042253,0.0962962962962963
8481093,Rafael Harvey-Pinard,MTL,L,45,2.0,26.0,5.3,34122.0,0.044444444444444446,0.5777777777777777,0.07692307692307693
8478414,Timo Meier,NJD,R,69,28.0,207.0,26.0,72870.0,0.4057971014492754,3.0,0.13526570048309178
8481553,Bobby Brink,PHI,R,57,11.0,81.0,9.41,47172.0,0.19298245614035087,1.4210526315789473,0.13580246913580246
8476474,Stefan Noesen,CAR,R,81,14.0,111.0,16.84,57655.0,0.1728395061728395,1.3703703703703705,0.12612612612612611
8477527,Ross Johnston,ANA,L,68,1.0,44.0,4.83,33444.0,0.014705882352941176,0.6470588235294118,0.022727272727272728
8475233,David Savard,MTL,D,60,6.0,54.0,2.63,72869.0,0.1,0.9,0.1111111111111111
8482149,Cole Perfetti,WPG,C,71,19.0,143.0,15.37,57887.0,0.2676056338028169,2.0140845070422535,0.13286713286713286
8478013,Jake Walman,DET,D,63,12.0,108.0,4.59,74728.0,0.19047619047619047,1.7142857142857142,0.1111111111111111
8477220,Nate Schmidt,WPG,D,63,2.0,75.0,2.92,63566.0,0.031746031746031744,1.1904761904761905,0.02666666666666667
8482679,Matt Coronato,CGY,R,34,3.0,58.0,6.25,25727.0,0.08823529411764706,1.7058823529411764,0.05172413793103448
8483401,Marc Johnstone,PIT,R,1,0.0,0.0,0.0,439.0,0.0,0.0,0.0
8479522,Hardy Haman Aktell,WSH,D,6,0.0,5.0,0.18,3827.0,0.0,0.8333333333333334,0.0
8479442,Troy Stecher,EDM,D,54,1.0,51.0,3.68,58706.0,0.018518518518518517,0.9444444444444444,0.0196078431372549
8478046,Danton Heinen,BOS,L,74,17.0,119.0,16.23,64226.0,0.22972972972972974,1.6081081081081081,0.14285714285714285
8476463,Jonas Brodin,MIN,D,62,7.0,117.0,5.7,86945.0,0.11290322580645161,1.8870967741935485,0.05982905982905983
8482159,Tyson Foerster,PHI,R,77,20.0,167.0,18.24,79782.0,0.2597402597402597,2.168831168831169,0.11976047904191617
8483565,Nick Blankenburg,CBJ,D,12,1.0,10.0,0.46,11675.0,0.08333333333333333,0.8333333333333334,0.1
8482165,Yan Kuznetsov,CGY,D,1,0.0,2.0,0.1,718.0,0.0,2.0,0.0
8478440,Dylan Strome,WSH,C,82,27.0,169.0,23.05,88314.0,0.32926829268292684,2.0609756097560976,0.15976331360946747
8475795,Dylan McIlrath,WSH,D,3,0.0,1.0,0.05,1854.0,0.0,0.3333333333333333,0.0
8480192,Johnathan Kovacevic,MTL,D,62,6.0,46.0,3.27,61448.0,0.0967741935483871,0.7419354838709677,0.13043478260869565
8475768,Jaden Schwartz,SEA,C,62,13.0,117.0,17.36,60868.0,0.20967741935483872,1.8870967741935485,0.1111111111111111
8481186,Logan O'Connor,COL,R,57,13.0,85.0,13.47,51130.0,0.22807017543859648,1.4912280701754386,0.15294117647058825
8479367,William Lockwood,FLA,R,26,0.0,19.0,1.83,12790.0,0.0,0.7307692307692307,0.0
8482470,Ilya Solovyov,CGY,D,10,0.0,10.0,0.38,9537.0,0.0,1.0,0.0
8478891,Mason Appleton,WPG,C,82,14.0,122.0,13.74,78956.0,0.17073170731707318,1.4878048780487805,0.11475409836065574
8480893,Kirill Marchenko,CBJ,R,78,23.0,193.0,19.48,76817.0,0.2948717948717949,2.4743589743589745,0.11917098445595854
8479423,Alexander Nylander,CBJ,L,28,11.0,72.0,9.84,27298.0,0.39285714285714285,2.5714285714285716,0.1527777777777778
8470621,Corey Perry,EDM,R,54,12.0,82.0,13.09,43358.0,0.2222222222222222,1.5185185185185186,0.14634146341463414
8481599,Victor Soderstrom,ARI,D,3,0.0,1.0,0.03,2734.0,0.0,0.3333333333333333,0.0
8476372,Nick Seeler,PHI,D,71,1.0,100.0,3.36,72200.0,0.014084507042253521,1.408450704225352,0.01
8480880,Jakub Lauko,BOS,C,60,2.0,43.0,6.14,35355.0,0.03333333333333333,0.7166666666666667,0.046511627906976744
8476346,Johnny Gaudreau,CBJ,L,81,12.0,160.0,16.99,91431.0,0.14814814814814814,1.9753086419753085,0.075
8480289,Morgan Barron,WPG,C,80,11.0,94.0,9.13,50385.0,0.1375,1.175,0.11702127659574468
8476483,Rickard Rakell,PIT,R,70,15.0,165.0,19.5,69366.0,0.21428571428571427,2.357142857142857,0.09090909090909091
8480068,Ryan Poehling,PHI,C,77,11.0,111.0,11.91,69280.0,0.14285714285714285,1.4415584415584415,0.0990990990990991
8478146,Matthew Highmore,OTT,C,7,0.0,1.0,0.6,3238.0,0.0,0.14285714285714285,0.0
8480834,Ty Emberson,SJS,D,30,1.0,31.0,0.83,33389.0,0.03333333333333333,1.0333333333333334,0.03225806451612903
8477335,Kyle Burroughs,SJS,D,73,2.0,79.0,3.38,83858.0,0.0273972602739726,1.082191780821918,0.02531645569620253
8481013,Jonatan Berggren,DET,R,12,2.0,14.0,1.27,7820.0,0.16666666666666666,1.1666666666666667,0.14285714285714285
8479996,Cody Glass,NSH,C,41,6.0,82.0,9.04,33043.0,0.14634146341463414,2.0,0.07317073170731707
8475692,Mats Zuccarello,MIN,R,69,12.0,173.0,15.12,78215.0,0.17391304347826086,2.5072463768115942,0.06936416184971098
8474053,Logan Couture,SJS,C,6,0.0,7.0,1.08,6751.0,0.0,1.1666666666666667,0.0
8484321,Nikolas Matinpalo,OTT,D,4,0.0,2.0,0.03,1681.0,0.0,0.5,0.0
8478474,Lawson Crouse,ARI,L,81,23.0,172.0,21.53,81731.0,0.2839506172839506,2.123456790123457,0.13372093023255813
8482460,Matt Rempe,NYR,C,17,1.0,12.0,1.51,5738.0,0.058823529411764705,0.7058823529411765,0.08333333333333333
8475786,Zach Hyman,EDM,L,80,54.0,290.0,52.51,93602.0,0.675,3.625,0.18620689655172415
8482713,Mackie Samoskevich,FLA,R,7,0.0,11.0,0.78,5056.0,0.0,1.5714285714285714,0.0
8471686,Marc Staal,PHI,D,35,1.0,20.0,1.42,29005.0,0.02857142857142857,0.5714285714285714,0.05
8476875,Mike Matheson,MTL,D,82,11.0,187.0,10.16,125720.0,0.13414634146341464,2.2804878048780486,0.058823529411764705
8477932,Aaron Ekblad,FLA,D,51,4.0,98.0,8.22,63842.0,0.0784313725490196,1.9215686274509804,0.04081632653061224
8479981,Jonah Gadjovich,FLA,L,39,2.0,29.0,3.3,17389.0,0.05128205128205128,0.7435897435897436,0.06896551724137931
8477353,Tyler Motte,TBL,C,69,6.0,83.0,7.87,51514.0,0.08695652173913043,1.2028985507246377,0.07228915662650602
8481704,Juuso Parssinen,NSH,C,44,8.0,54.0,9.06,38543.0,0.18181818181818182,1.2272727272727273,0.14814814814814814
8481806,Louis Crevier,CHI,D,24,0.0,18.0,0.38,22584.0,0.0,0.75,0.0
8480070,Ian Mitchell,BOS,D,13,0.0,11.0,0.52,11940.0,0.0,0.8461538461538461,0.0
8478439,Travis Konecny,PHI,R,76,33.0,244.0,26.25,90472.0,0.4342105263157895,3.210526315789474,0.13524590163934427
8479353,Brett Howden,VGK,C,72,8.0,76.0,10.36,57142.0,0.1111111111111111,1.0555555555555556,0.10526315789473684
8480844,Grigori Denisenko,VGK,L,6,0.0,5.0,0.66,3905.0,0.0,0.8333333333333334,0.0
8475172,Nazem Kadri,CGY,C,82,29.0,277.0,30.63,90655.0,0.35365853658536583,3.3780487804878048,0.10469314079422383
8474709,Matt Martin,NYI,L,57,4.0,48.0,5.04,31849.0,0.07017543859649122,0.8421052631578947,0.08333333333333333
8478178,Darren Raddysh,TBL,D,82,6.0,101.0,4.46,94000.0,0.07317073170731707,1.2317073170731707,0.0594059405940594
8476460,Mark Scheifele,WPG,C,74,25.0,154.0,22.56,89624.0,0.33783783783783783,2.081081081081081,0.16233766233766234
8479390,Taylor Raddysh,CHI,R,73,5.0,120.0,13.71,69567.0,0.0684931506849315,1.643835616438356,0.041666666666666664
8474034,Pat Maroon,BOS,L,51,4.0,56.0,6.28,39296.0,0.0784313725490196,1.0980392156862746,0.07142857142857142
8481598,Philip Broberg,EDM,D,12,0.0,6.0,0.16,8365.0,0.0,0.5,0.0
8476392,Adam Lowry,WPG,C,81,12.0,119.0,21.07,78266.0,0.14814814814814814,1.4691358024691359,0.10084033613445378
8480027,Jason Robertson,DAL,L,82,29.0,231.0,24.17,90158.0,0.35365853658536583,2.817073170731707,0.12554112554112554
8471677,Jack Johnson,COL,D,80,3.0,76.0,3.44,71651.0,0.0375,0.95,0.039473684210526314
8480891,Michael Kesselring,ARI,D,65,5.0,76.0,3.06,61592.0,0.07692307692307693,1.1692307692307693,0.06578947368421052
8481032,Paul Cotter,VGK,C,76,7.0,100.0,12.19,58036.0,0.09210526315789473,1.3157894736842106,0.07
8480196,Jacob Bryson,BUF,D,36,1.0,15.0,0.39,31702.0,0.027777777777777776,0.4166666666666667,0.06666666666666667
8477845,Trevor van Riemsdyk,WSH,D,70,0.0,75.0,2.58,78391.0,0.0,1.0714285714285714,0.0
8476960,Andreas Athanasiou,CHI,C,28,2.0,44.0,3.33,22004.0,0.07142857142857142,1.5714285714285714,0.045454545454545456
8476921,Jordan Martinook,CAR,L,82,14.0,148.0,17.54,72063.0,0.17073170731707318,1.8048780487804879,0.0945945945945946
8476468,J.T. Miller,VAN,C,81,37.0,194.0,28.31,94721.0,0.4567901234567901,2.3950617283950617,0.19072164948453607
8480073,Erik Brannstrom,OTT,D,76,3.0,77.0,4.42,75655.0,0.039473684210526314,1.013157894736842,0.03896103896103896
8479398,Samuel Girard,COL,D,59,3.0,73.0,3.85,68610.0,0.05084745762711865,1.2372881355932204,0.0410958904109589
8477986,Brandon Montour,FLA,D,66,8.0,168.0,9.97,92851.0,0.12121212121212122,2.5454545454545454,0.047619047619047616
8480084,Nick DeSimone,NJD,D,34,2.0,28.0,0.95,27501.0,0.058823529411764705,0.8235294117647058,0.07142857142857142
8476454,Ryan Nugent-Hopkins,EDM,C,80,18.0,183.0,24.4,94196.0,0.225,2.2875,0.09836065573770492
8477494,Jonathan Drouin,COL,L,79,19.0,127.0,18.15,86198.0,0.24050632911392406,1.6075949367088607,0.14960629921259844
8480849,Barrett Hayton,ARI,C,33,3.0,66.0,8.53,33687.0,0.09090909090909091,2.0,0.045454545454545456
8478454,Noah Juulsen,VAN,D,54,1.0,30.0,1.34,48258.0,0.018518518518518517,0.5555555555555556,0.03333333333333333
8478519,Anthony Cirelli,TBL,C,79,20.0,129.0,18.81,87779.0,0.25316455696202533,1.6329113924050633,0.15503875968992248
8473419,Brad Marchand,BOS,L,82,29.0,207.0,26.84,93981.0,0.35365853658536583,2.524390243902439,0.14009661835748793
8475462,Radko Gudas,ANA,D,66,6.0,88.0,3.08,77238.0,0.09090909090909091,1.3333333333333333,0.06818181818181818
8473453,Trevor Lewis,LAK,C,82,8.0,130.0,12.46,57248.0,0.0975609756097561,1.5853658536585367,0.06153846153846154
8477467,Gustav Olofsson,SEA,D,1,0.0,0.0,0.0,897.0,0.0,0.0,0.0
8483920,Pierrick Dube,WSH,R,3,0.0,3.0,0.44,1679.0,0.0,1.0,0.0
8480851,Akil Thomas,LAK,C,7,3.0,9.0,0.9,3666.0,0.42857142857142855,1.2857142857142858,0.3333333333333333
8480025,MacKenzie Entwistle,CHI,R,67,5.0,66.0,7.12,45776.0,0.07462686567164178,0.9850746268656716,0.07575757575757576
8477447,Shea Theodore,VGK,D,47,5.0,105.0,5.33,62289.0,0.10638297872340426,2.234042553191489,0.047619047619047616
8482102,Vasily Ponomarev,CAR,C,2,1.0,1.0,0.05,1161.0,0.5,0.5,1.0
8480355,Mark Kastelic,OTT,C,63,5.0,60.0,5.84,29198.0,0.07936507936507936,0.9523809523809523,0.08333333333333333
8475169,Evander Kane,EDM,L,77,24.0,220.0,31.44,77509.0,0.3116883116883117,2.857142857142857,0.10909090909090909
8476457,Adam Larsson,SEA,D,81,4.0,130.0,6.82,111513.0,0.04938271604938271,1.6049382716049383,0.03076923076923077
8478397,Rasmus Andersson,CGY,D,78,9.0,159.0,7.93,111507.0,0.11538461538461539,2.0384615384615383,0.05660377358490566
8482073,Braden Schneider,NYR,D,82,5.0,95.0,3.77,78220.0,0.06097560975609756,1.1585365853658536,0.05263157894736842
8482055,Drew O'Connor,PIT,L,79,16.0,160.0,23.36,74634.0,0.20253164556962025,2.0253164556962027,0.1
8477429,Andrew Copp,DET,C,79,13.0,109.0,14.71,77140.0,0.16455696202531644,1.379746835443038,0.11926605504587157
8473473,Milan Lucic,BOS,L,4,0.0,1.0,0.05,2873.0,0.0,0.25,0.0
8479249,Andrew Poturalski,SEA,C,2,0.0,0.0,0.0,825.0,0.0,0.0,0.0
8480821,Filip Zadina,SJS,R,72,13.0,137.0,14.72,57628.0,0.18055555555555555,1.9027777777777777,0.0948905109489051
8482144,Jack Thompson,SJS,D,3,0.0,4.0,0.09,2821.0,0.0,1.3333333333333333,0.0
8478401,Pavel Zacha,BOS,C,78,21.0,148.0,18.46,84739.0,0.2692307692307692,1.8974358974358974,0.14189189189189189
8478881,Brett Seney,CHI,L,4,0.0,1.0,0.06,2483.0,0.0,0.25,0.0
8476312,Josh Manson,COL,D,76,8.0,123.0,6.24,81090.0,0.10526315789473684,1.618421052631579,0.06504065040650407
8480252,Cole Guttman,CHI,C,27,4.0,50.0,3.87,20444.0,0.14814814814814814,1.8518518518518519,0.08
8479325,Charlie McAvoy,BOS,D,74,12.0,133.0,8.99,110316.0,0.16216216216216217,1.7972972972972974,0.09022556390977443
8481609,Vladislav Kolyachonok,ARI,D,5,1.0,5.0,0.16,3742.0,0.2,1.0,0.2
8479983,Mario Ferraro,SJS,D,78,3.0,124.0,5.44,107029.0,0.038461538461538464,1.5897435897435896,0.024193548387096774
8477508,Curtis Lazar,NJD,C,71,7.0,74.0,9.29,52780.0,0.09859154929577464,1.0422535211267605,0.0945945945945946
8479999,Casey Mittelstadt,COL,C,80,18.0,127.0,15.58,85102.0,0.225,1.5875,0.14173228346456693
8479315,Joey Anderson,CHI,R,55,5.0,57.0,6.27,44708.0,0.09090909090909091,1.0363636363636364,0.08771929824561403
8480246,Nick Perbix,TBL,D,77,2.0,57.0,2.72,78917.0,0.025974025974025976,0.7402597402597403,0.03508771929824561
8473986,Alex Killorn,ANA,L,63,18.0,145.0,20.2,70807.0,0.2857142857142857,2.3015873015873014,0.12413793103448276
8480007,Jonas Rondbjerg,VGK,R,20,1.0,25.0,3.26,13532.0,0.05,1.25,0.04
8480848,Ty Dellandrea,DAL,C,42,2.0,53.0,5.55,31932.0,0.047619047619047616,1.2619047619047619,0.03773584905660377
8482177,Marat Khusnutdinov,MIN,C,16,1.0,6.0,1.58,12586.0,0.0625,0.375,0.16666666666666666
8470613,Brent Burns,CAR,D,82,10.0,185.0,9.89,105784.0,0.12195121951219512,2.2560975609756095,0.05405405405405406
8476923,Damon Severson,CBJ,D,67,9.0,88.0,4.94,85013.0,0.13432835820895522,1.3134328358208955,0.10227272727272728
8482684,Luke Hughes,NJD,D,82,9.0,135.0,7.71,105650.0,0.10975609756097561,1.646341463414634,0.06666666666666667
8476934,Brock McGinn,ANA,L,24,1.0,24.0,2.93,15953.0,0.041666666666666664,1.0,0.041666666666666664
8471274,Alex Goligoski,MIN,D,36,0.0,32.0,2.18,31986.0,0.0,0.8888888888888888,0.0
8482222,Alexander Barabanov,SJS,L,46,4.0,67.0,9.26,43808.0,0.08695652173913043,1.4565217391304348,0.05970149253731343
8475158,Ryan O'Reilly,NSH,C,82,26.0,180.0,29.13,97248.0,0.3170731707317073,2.1951219512195124,0.14444444444444443
8475718,Justin Holl,DET,D,38,0.0,14.0,0.61,34387.0,0.0,0.3684210526315789,0.0
8481533,Trevor Zegras,ANA,C,31,6.0,73.0,7.33,31784.0,0.1935483870967742,2.3548387096774195,0.0821917808219178
8477406,Mattias Janmark,EDM,C,71,4.0,67.0,9.18,50674.0,0.056338028169014086,0.9436619718309859,0.05970149253731343
8481618,Alex Newhook,MTL,C,55,15.0,85.0,12.13,55857.0,0.2727272727272727,1.5454545454545454,0.17647058823529413
8471215,Evgeni Malkin,PIT,C,82,27.0,199.0,25.18,91436.0,0.32926829268292684,2.426829268292683,0.135678391959799
8479525,Ross Colton,COL,C,80,17.0,147.0,23.11,65852.0,0.2125,1.8375,0.11564625850340136
8482201,Gage Goncalves,TBL,C,2,0.0,0.0,0.08,1195.0,0.0,0.0,0.0
8477392,Hudson Fasching,NYI,R,45,4.0,41.0,4.71,32515.0,0.08888888888888889,0.9111111111111111,0.0975609756097561
8481789,Tye Kartye,SEA,L,77,11.0,109.0,12.63,54682.0,0.14285714285714285,1.4155844155844155,0.10091743119266056
8480216,Jacob Peterson,SJS,C,6,0.0,3.0,0.66,4770.0,0.0,0.5,0.0
8481028,Martin Pospisil,CGY,C,63,8.0,117.0,13.03,48080.0,0.12698412698412698,1.8571428571428572,0.06837606837606838
8482699,Dylan Guenther,ARI,R,45,18.0,121.0,13.96,43953.0,0.4,2.688888888888889,0.1487603305785124
8479976,Juuso Valimaki,ARI,D,68,2.0,69.0,3.73,77903.0,0.029411764705882353,1.0147058823529411,0.028985507246376812
8474715,Cam Atkinson,PHI,R,70,13.0,175.0,18.43,66971.0,0.18571428571428572,2.5,0.07428571428571429
8480069,Cale Makar,COL,D,77,21.0,231.0,16.43,114436.0,0.2727272727272727,3.0,0.09090909090909091
8482858,Ryker Evans,SEA,D,36,1.0,44.0,1.59,41426.0,0.027777777777777776,1.2222222222222223,0.022727272727272728
8477499,Rasmus Ristolainen,PHI,D,31,1.0,46.0,2.0,31045.0,0.03225806451612903,1.4838709677419355,0.021739130434782608
8480990,Declan Chisholm,MIN,D,31,3.0,29.0,1.75,30744.0,0.0967741935483871,0.9354838709677419,0.10344827586206896
8475753,Justin Faulk,STL,D,60,2.0,132.0,7.97,79064.0,0.03333333333333333,2.2,0.015151515151515152
8480873,Rasmus Sandin,WSH,D,68,3.0,79.0,4.37,86172.0,0.04411764705882353,1.161764705882353,0.0379746835443038
8480813,Joe Veleno,DET,C,80,12.0,86.0,11.82,66991.0,0.15,1.075,0.13953488372093023
8480188,Fabian Zetterlund,SJS,L,82,24.0,204.0,24.07,92772.0,0.2926829268292683,2.4878048780487805,0.11764705882352941
8479362,Riley Tufte,COL,L,5,1.0,7.0,0.65,3336.0,0.2,1.4,0.14285714285714285
8476889,Radek Faksa,DAL,C,74,7.0,71.0,11.25,55569.0,0.0945945945945946,0.9594594594594594,0.09859154929577464
8477971,Andreas Englund,LAK,D,82,1.0,41.0,1.45,65054.0,0.012195121951219513,0.5,0.024390243902439025
8484254,Akito Hirose,VAN,D,3,0.0,0.0,0.0,2179.0,0.0,0.0,0.0
8479972,Mason Shaw,MIN,C,20,1.0,21.0,1.55,9822.0,0.05,1.05,0.047619047619047616
8476919,Chris Tierney,NJD,C,52,4.0,26.0,2.91,28158.0,0.07692307692307693,0.5,0.15384615384615385
8479345,Jakob Chychrun,OTT,D,82,14.0,204.0,12.93,110158.0,0.17073170731707318,2.4878048780487805,0.06862745098039216
8480801,Brady Tkachuk,OTT,L,81,37.0,357.0,40.94,93031.0,0.4567901234567901,4.407407407407407,0.10364145658263306
8481024,Linus Karlsson,VAN,C,4,0.0,4.0,0.76,2435.0,0.0,1.0,0.0
8483445,Cutter Gauthier,ANA,L,1,0.0,3.0,0.16,924.0,0.0,3.0,0.0
8480185,Eetu Luostarinen,FLA,C,82,12.0,119.0,18.14,78408.0,0.14634146341463414,1.451219512195122,0.10084033613445378
8482765,Isak Rosen,BUF,R,7,0.0,8.0,0.91,3606.0,0.0,1.1428571428571428,0.0
8477964,Ivan Barbashev,VGK,C,82,19.0,122.0,18.39,79277.0,0.23170731707317074,1.4878048780487805,0.1557377049180328
8474009,Nick Bonino,NYR,C,45,1.0,31.0,3.67,33086.0,0.022222222222222223,0.6888888888888889,0.03225806451612903
8481754,Nikita Nesterenko,ANA,C,3,1.0,7.0,0.93,2074.0,0.3333333333333333,2.3333333333333335,0.14285714285714285
8475745,Charlie Coyle,BOS,C,82,25.0,147.0,22.41,88887.0,0.3048780487804878,1.7926829268292683,0.17006802721088435
8478458,Jack Roslovic,NYR,C,59,9.0,117.0,13.17,55063.0,0.15254237288135594,1.9830508474576272,0.07692307692307693
8480806,Isac Lundestrom,ANA,C,46,5.0,38.0,7.36,39581.0,0.10869565217391304,0.8260869565217391,0.13157894736842105
8484287,Cole McWard,VAN,D,1,0.0,1.0,0.01,545.0,0.0,1.0,0.0
8483515,Juraj Slafkovsky,MTL,L,82,20.0,152.0,21.96,88244.0,0.24390243902439024,1.853658536585366,0.13157894736842105
8477573,Nathan Walker,STL,L,45,7.0,43.0,4.09,29187.0,0.15555555555555556,0.9555555555555556,0.16279069767441862
8482197,Adam Raska,MIN,R,5,0.0,0.0,0.0,2043.0,0.0,0.0,0.0
8482659,Josh Doan,ARI,R,11,5.0,23.0,4.22,8124.0,0.45454545454545453,2.090909090909091,0.21739130434782608
8482250,Callahan Burke,CAR,C,1,0.0,0.0,0.0,426.0,0.0,0.0,0.0
8474641,Adam Henrique,EDM,C,82,24.0,140.0,21.44,82898.0,0.2926829268292683,1.7073170731707317,0.17142857142857143
8483482,Tristan Luneau,ANA,D,7,1.0,11.0,0.48,7506.0,0.14285714285714285,1.5714285714285714,0.09090909090909091
8482176,Wyatt Kaiser,CHI,D,32,0.0,18.0,0.83,33240.0,0.0,0.5625,0.0
8481596,Shane Pinto,OTT,C,41,9.0,110.0,14.73,44549.0,0.21951219512195122,2.682926829268293,0.08181818181818182
8479323,Adam Fox,NYR,D,72,17.0,137.0,9.8,101276.0,0.2361111111111111,1.9027777777777777,0.12408759124087591
8477446,Michael McCarron,NSH,R,70,12.0,94.0,12.16,53621.0,0.17142857142857143,1.3428571428571427,0.1276595744680851
8482116,Tim Sttzle,OTT,C,75,18.0,192.0,23.52,95033.0,0.24,2.56,0.09375
8478904,Steven Lorentz,FLA,C,38,1.0,30.0,3.62,20034.0,0.02631578947368421,0.7894736842105263,0.03333333333333333
8481016,Ruslan Iskhakov,NYI,C,1,0.0,2.0,0.26,851.0,0.0,2.0,0.0
8477384,Josh Brown,ARI,D,51,3.0,44.0,1.95,45139.0,0.058823529411764705,0.8627450980392157,0.06818181818181818
8481056,Spencer Stastney,NSH,D,20,2.0,11.0,0.6,19180.0,0.1,0.55,0.18181818181818182
8482087,Kaiden Guhle,MTL,D,70,6.0,95.0,4.53,87573.0,0.08571428571428572,1.3571428571428572,0.06315789473684211
8474013,Ian Cole,VAN,D,78,2.0,61.0,2.05,87466.0,0.02564102564102564,0.782051282051282,0.03278688524590164
8479638,Justin Brazeau,BOS,R,19,5.0,31.0,4.29,12674.0,0.2631578947368421,1.631578947368421,0.16129032258064516
8483549,Lucas Condotta,MTL,L,3,0.0,2.0,0.19,1350.0,0.0,0.6666666666666666,0.0
8474031,Kevin Shattenkirk,BOS,D,61,6.0,78.0,2.77,57755.0,0.09836065573770492,1.278688524590164,0.07692307692307693
8482511,Mason Lohrei,BOS,D,41,4.0,43.0,2.1,41716.0,0.0975609756097561,1.048780487804878,0.09302325581395349
8478882,Vladislav Gavrikov,LAK,D,77,6.0,114.0,5.42,95250.0,0.07792207792207792,1.4805194805194806,0.05263157894736842
8480011,Klim Kostin,SJS,C,52,8.0,43.0,4.51,34037.0,0.15384615384615385,0.8269230769230769,0.18604651162790697
8474574,Tyler Myers,VAN,D,77,5.0,93.0,4.17,87544.0,0.06493506493506493,1.2077922077922079,0.053763440860215055
8478444,Brock Boeser,VAN,R,81,40.0,204.0,33.68,90407.0,0.49382716049382713,2.5185185185185186,0.19607843137254902
8475790,Erik Gudbranson,CBJ,D,78,6.0,91.0,2.48,92009.0,0.07692307692307693,1.1666666666666667,0.06593406593406594
8478468,Jeremy Lauzon,NSH,D,79,6.0,103.0,4.93,88228.0,0.0759493670886076,1.3037974683544304,0.05825242718446602
8476880,Tom Wilson,WSH,R,74,18.0,169.0,23.96,80373.0,0.24324324324324326,2.2837837837837838,0.10650887573964497
8476467,Jamie Oleksiak,SEA,D,82,2.0,108.0,5.27,96671.0,0.024390243902439025,1.3170731707317074,0.018518518518518517
8478010,Brayden Point,TBL,C,81,46.0,228.0,37.33,97390.0,0.5679012345679012,2.814814814814815,0.20175438596491227
8476907,Mackenzie MacEachern,STL,L,8,0.0,4.0,0.23,3777.0,0.0,0.5,0.0
8481624,Ilya Mikheyev,VAN,R,78,11.0,147.0,15.71,66756.0,0.14102564102564102,1.8846153846153846,0.07482993197278912
8482079,Marco Rossi,MIN,C,82,21.0,167.0,20.01,82312.0,0.25609756097560976,2.0365853658536586,0.12574850299401197
8477479,Tyler Bertuzzi,TOR,L,80,21.0,160.0,28.25,77019.0,0.2625,2.0,0.13125
8484304,Uvis Balinskis,FLA,D,26,1.0,22.0,1.34,21998.0,0.038461538461538464,0.8461538461538461,0.045454545454545456
8478512,Austin Czarnik,DET,C,34,0.0,24.0,2.6,17215.0,0.0,0.7058823529411765,0.0
8475179,Dmitry Kulikov,FLA,D,76,1.0,74.0,4.67,75303.0,0.013157894736842105,0.9736842105263158,0.013513513513513514
8479372,Josh Mahura,FLA,D,30,0.0,25.0,0.95,22666.0,0.0,0.8333333333333334,0.0
8471709,Marc-Edouard Vlasic,SJS,D,57,6.0,72.0,3.0,55680.0,0.10526315789473684,1.263157894736842,0.08333333333333333
8475762,Derek Forbort,BOS,D,35,0.0,22.0,0.99,37367.0,0.0,0.6285714285714286,0.0
8483630,Pavol Regenda,ANA,L,5,0.0,7.0,0.44,3469.0,0.0,1.4,0.0
8477149,Scott Sabourin,SJS,R,3,0.0,3.0,0.19,1670.0,0.0,1.0,0.0
8482702,Logan Stankoven,DAL,C,24,6.0,51.0,7.19,21128.0,0.25,2.125,0.11764705882352941
8478402,Connor McDavid,EDM,C,76,32.0,263.0,30.56,97398.0,0.42105263157894735,3.460526315789474,0.12167300380228137
8477464,Nic Petan,MIN,C,6,0.0,11.0,1.24,3900.0,0.0,1.8333333333333333,0.0
8478859,Niko Mikkola,FLA,D,82,3.0,93.0,4.31,98581.0,0.036585365853658534,1.1341463414634145,0.03225806451612903
8483570,Ben Meyers,ANA,C,23,1.0,12.0,1.45,13951.0,0.043478260869565216,0.5217391304347826,0.08333333333333333
8481708,Zac Jones,NYR,D,31,2.0,42.0,1.64,27209.0,0.06451612903225806,1.3548387096774193,0.047619047619047616
8475343,Nic Dowd,WSH,C,64,12.0,61.0,8.95,58378.0,0.1875,0.953125,0.19672131147540983
8479351,Sam Steel,DAL,C,77,9.0,86.0,10.3,61177.0,0.11688311688311688,1.1168831168831168,0.10465116279069768
8476429,Scott Mayfield,NYI,D,41,0.0,36.0,1.12,46161.0,0.0,0.8780487804878049,0.0
8474578,Erik Karlsson,PIT,D,82,11.0,213.0,10.44,119401.0,0.13414634146341464,2.597560975609756,0.051643192488262914
8481542,Moritz Seider,DET,D,82,9.0,135.0,6.73,110009.0,0.10975609756097561,1.646341463414634,0.06666666666666667
8478043,Sam Lafferty,VAN,C,79,13.0,78.0,11.38,56308.0,0.16455696202531644,0.9873417721518988,0.16666666666666666
8480292,Carson Meyer,CBJ,R,14,1.0,10.0,1.53,7662.0,0.07142857142857142,0.7142857142857143,0.1
8471685,Anze Kopitar,LAK,C,81,26.0,133.0,18.21,95539.0,0.32098765432098764,1.6419753086419753,0.19548872180451127
8479414,Nathan Bastian,NJD,R,54,5.0,57.0,9.11,32936.0,0.09259259259259259,1.0555555555555556,0.08771929824561403
8478067,Oskar Lindblom,SJS,L,1,0.0,0.0,0.0,716.0,0.0,0.0,0.0
8482146,Luke Evangelista,NSH,R,80,16.0,172.0,16.45,66986.0,0.2,2.15,0.09302325581395349
8479639,Dylan Coghlan,CAR,D,1,0.0,3.0,0.05,1079.0,0.0,3.0,0.0
8481065,Angus Crookshank,OTT,L,13,2.0,20.0,1.13,7888.0,0.15384615384615385,1.5384615384615385,0.1
8483471,Brad Lambert,WPG,C,1,0.0,2.0,0.62,831.0,0.0,2.0,0.0
8480336,Sean Walker,COL,D,81,10.0,150.0,7.76,93466.0,0.12345679012345678,1.8518518518518519,0.06666666666666667
8479986,Kole Lind,SEA,R,1,0.0,0.0,0.0,359.0,0.0,0.0,0.0
8481481,Blake Lizotte,LAK,C,62,7.0,76.0,7.89,43974.0,0.11290322580645161,1.2258064516129032,0.09210526315789473
8482192,Isaak Phillips,CHI,D,33,0.0,31.0,2.09,33804.0,0.0,0.9393939393939394,0.0
8476822,Luke Glendening,TBL,C,81,10.0,57.0,7.3,56455.0,0.12345679012345678,0.7037037037037037,0.17543859649122806
8478472,Mathieu Joseph,OTT,R,72,11.0,124.0,15.06,71159.0,0.1527777777777778,1.7222222222222223,0.08870967741935484
8477947,Sonny Milano,WSH,L,49,15.0,50.0,5.68,36774.0,0.30612244897959184,1.0204081632653061,0.3
8481641,Joel Kiviranta,COL,L,56,3.0,48.0,6.06,33060.0,0.05357142857142857,0.8571428571428571,0.0625
8474157,Max Pacioretty,WSH,L,47,4.0,95.0,9.01,40703.0,0.0851063829787234,2.021276595744681,0.042105263157894736
8481070,Hugh McGing,STL,L,5,0.0,4.0,0.55,2514.0,0.0,0.8,0.0
8477330,Dominik Kubalik,OTT,L,74,11.0,91.0,10.14,53821.0,0.14864864864864866,1.2297297297297298,0.12087912087912088
8475810,Bryan Rust,PIT,R,62,28.0,196.0,24.25,72831.0,0.45161290322580644,3.161290322580645,0.14285714285714285
8479359,Beck Malenstyn,WSH,L,81,6.0,98.0,10.99,69224.0,0.07407407407407407,1.2098765432098766,0.061224489795918366
8470966,Mark Giordano,TOR,D,46,3.0,59.0,2.18,45863.0,0.06521739130434782,1.2826086956521738,0.05084745762711865
8478055,Gustav Forsling,FLA,D,79,10.0,160.0,7.45,104953.0,0.12658227848101267,2.0253164556962027,0.0625
8482740,Wyatt Johnston,DAL,C,82,32.0,216.0,28.21,83652.0,0.3902439024390244,2.6341463414634148,0.14814814814814814
8476873,Mark Jankowski,NSH,C,32,7.0,48.0,8.03,24321.0,0.21875,1.5,0.14583333333333334
8481534,Raphael Lavoie,EDM,C,7,0.0,4.0,0.37,3060.0,0.0,0.5714285714285714,0.0
8480245,Olle Lycksell,PHI,R,18,1.0,29.0,3.84,10742.0,0.05555555555555555,1.6111111111111112,0.034482758620689655
8482451,Mikael Pyyhtia,CBJ,L,17,0.0,22.0,1.66,13417.0,0.0,1.2941176470588236,0.0
8475722,Jason Zucker,NSH,L,69,14.0,150.0,18.62,57231.0,0.2028985507246377,2.1739130434782608,0.09333333333333334
8479514,Rem Pitlick,CHI,C,9,0.0,13.0,1.96,8417.0,0.0,1.4444444444444444,0.0
8475188,Brayden McNabb,VGK,D,82,4.0,86.0,3.71,95222.0,0.04878048780487805,1.048780487804878,0.046511627906976744
8477810,Joel Hanley,CGY,D,42,1.0,19.0,1.08,35016.0,0.023809523809523808,0.4523809523809524,0.05263157894736842
8481161,Jake Christiansen,CBJ,D,12,0.0,7.0,0.4,9518.0,0.0,0.5833333333333334,0.0
8476480,Vladislav Namestnikov,WPG,C,78,11.0,95.0,13.67,67696.0,0.14102564102564102,1.2179487179487178,0.11578947368421053
8476879,Cody Ceci,EDM,D,79,5.0,97.0,4.43,94907.0,0.06329113924050633,1.2278481012658229,0.05154639175257732
8478408,Travis Dermott,ARI,D,50,2.0,38.0,1.86,51838.0,0.04,0.76,0.05263157894736842
8476459,Mika Zibanejad,NYR,C,81,26.0,221.0,25.94,95955.0,0.32098765432098764,2.728395061728395,0.11764705882352941
8481517,Brett Leason,ANA,R,68,11.0,91.0,8.33,53076.0,0.16176470588235295,1.338235294117647,0.12087912087912088
8477935,Sam Bennett,FLA,C,69,20.0,171.0,25.01,68765.0,0.2898550724637681,2.4782608695652173,0.11695906432748537
8481554,Kaapo Kakko,NYR,R,61,13.0,91.0,7.89,48602.0,0.21311475409836064,1.4918032786885247,0.14285714285714285
8474150,Mikael Backlund,CGY,C,82,15.0,209.0,19.14,94634.0,0.18292682926829268,2.548780487804878,0.07177033492822966
8479543,Michael Pezzetta,MTL,L,61,3.0,42.0,3.37,28533.0,0.04918032786885246,0.6885245901639344,0.07142857142857142
8480003,Jesper Boqvist,BOS,C,47,6.0,51.0,4.35,31443.0,0.1276595744680851,1.0851063829787233,0.11764705882352941
8482062,Cole Smith,NSH,L,80,9.0,112.0,15.55,65709.0,0.1125,1.4,0.08035714285714286
8481462,Mason Morelli,VGK,L,9,3.0,9.0,1.4,5807.0,0.3333333333333333,1.0,0.3333333333333333
8483531,Brian Halonen,NJD,L,2,0.0,2.0,0.18,994.0,0.0,1.0,0.0
8482929,Emil Lilleberg,TBL,D,37,0.0,31.0,0.98,35974.0,0.0,0.8378378378378378,0.0
8478133,Jake Evans,MTL,C,82,7.0,81.0,9.45,78810.0,0.08536585365853659,0.9878048780487805,0.08641975308641975
8480032,Shane Bowers,NJD,C,8,0.0,7.0,0.4,4539.0,0.0,0.875,0.0
8482747,Brennan Othmann,NYR,L,3,0.0,6.0,0.21,1635.0,0.0,2.0,0.0
8481543,Nikita Alexandrov,STL,C,23,0.0,15.0,1.07,11766.0,0.0,0.6521739130434783,0.0
8474141,Patrick Kane,DET,R,50,20.0,147.0,11.69,55129.0,0.4,2.94,0.1360544217687075
8481812,Nikolai Knyzhov,SJS,D,10,0.0,6.0,0.16,10585.0,0.0,0.6,0.0
8480184,Gustav Lindstrom,ANA,D,46,3.0,29.0,1.57,42504.0,0.06521739130434782,0.6304347826086957,0.10344827586206896
8482089,Jake Neighbours,STL,L,77,27.0,145.0,22.7,72566.0,0.35064935064935066,1.8831168831168832,0.18620689655172415
8473512,Claude Giroux,OTT,R,82,21.0,183.0,18.11,98853.0,0.25609756097560976,2.231707317073171,0.11475409836065574
8481441,Joe Snively,WSH,C,3,0.0,0.0,0.0,1502.0,0.0,0.0,0.0
8477960,Adrian Kempe,LAK,R,77,28.0,246.0,24.75,87475.0,0.36363636363636365,3.1948051948051948,0.11382113821138211
8481585,Egor Afanasyev,NSH,L,2,0.0,5.0,0.17,1559.0,0.0,2.5,0.0
8480001,Urho Vaakanainen,ANA,D,68,1.0,67.0,1.69,71302.0,0.014705882352941176,0.9852941176470589,0.014925373134328358
8476915,Jujhar Khaira,MIN,L,1,0.0,1.0,0.01,485.0,0.0,1.0,0.0
8476438,Brandon Saad,STL,L,82,26.0,144.0,18.91,76275.0,0.3170731707317073,1.7560975609756098,0.18055555555555555
8478021,William Lagesson,ANA,D,40,0.0,19.0,0.87,35514.0,0.0,0.475,0.0
8478211,Dryden Hunt,CGY,L,28,3.0,33.0,2.96,18697.0,0.10714285714285714,1.1785714285714286,0.09090909090909091
8475766,Austin Watson,TBL,L,33,2.0,17.0,1.47,14384.0,0.06060606060606061,0.5151515151515151,0.11764705882352941
8476881,Tomas Hertl,VGK,C,54,17.0,124.0,17.23,66386.0,0.3148148148148148,2.2962962962962963,0.13709677419354838
8478831,Kevin Stenlund,FLA,C,81,11.0,81.0,8.72,61256.0,0.13580246913580246,1.0,0.13580246913580246
8481690,Tyler Angle,CBJ,C,2,0.0,0.0,0.02,1000.0,0.0,0.0,0.0
8478398,Kyle Connor,WPG,L,65,34.0,221.0,21.53,76926.0,0.5230769230769231,3.4,0.15384615384615385
8479336,Carl Grundstrom,LAK,R,50,8.0,95.0,9.51,32811.0,0.16,1.9,0.08421052631578947
8471218,Blake Wheeler,NYR,R,54,9.0,83.0,8.46,41205.0,0.16666666666666666,1.537037037037037,0.10843373493975904
8477931,Tomas Nosek,NJD,L,36,2.0,38.0,3.34,25507.0,0.05555555555555555,1.0555555555555556,0.05263157894736842
8479987,Morgan Geekie,BOS,C,76,17.0,130.0,13.56,70265.0,0.2236842105263158,1.7105263157894737,0.13076923076923078
8480890,Jan Jenik,ARI,R,5,0.0,2.0,0.12,2513.0,0.0,0.4,0.0
8479718,Alex Barr-Boulet,TBL,C,36,6.0,46.0,6.75,24168.0,0.16666666666666666,1.2777777777777777,0.13043478260869565
8477482,Zachary Sanford,CHI,L,29,0.0,24.0,3.79,18856.0,0.0,0.8275862068965517,0.0
8478956,Samuel Laberge,NJD,L,2,0.0,0.0,0.0,371.0,0.0,0.0,0.0
8475750,Jon Merrill,MIN,D,65,4.0,42.0,2.46,49844.0,0.06153846153846154,0.6461538461538462,0.09523809523809523
8481122,Simon Benoit,TOR,D,64,1.0,52.0,1.58,66156.0,0.015625,0.8125,0.019230769230769232
8474590,John Carlson,WSH,D,82,10.0,176.0,10.75,127387.0,0.12195121951219512,2.1463414634146343,0.056818181818181816
8482110,Dawson Mercer,NJD,C,82,20.0,134.0,19.92,84710.0,0.24390243902439024,1.6341463414634145,0.14925373134328357
8475181,Nick Leddy,STL,D,82,3.0,82.0,3.64,110019.0,0.036585365853658534,1.0,0.036585365853658534
8479365,Trent Frederic,BOS,C,82,18.0,123.0,16.58,67679.0,0.21951219512195122,1.5,0.14634146341463414
8480043,Timothy Liljegren,TOR,D,55,3.0,62.0,3.26,64889.0,0.05454545454545454,1.1272727272727272,0.04838709677419355
8482147,Jean-Luc Foudy,COL,C,4,1.0,2.0,0.27,1545.0,0.25,0.5,0.5
8476399,Blake Coleman,CGY,C,78,30.0,192.0,26.49,80183.0,0.38461538461538464,2.4615384615384617,0.15625
8482496,Nils Aman,VAN,C,43,3.0,28.0,4.62,26662.0,0.06976744186046512,0.6511627906976745,0.10714285714285714
8476826,Yanni Gourde,SEA,C,80,11.0,156.0,20.95,83749.0,0.1375,1.95,0.07051282051282051
8482101,Danil Gushchin,SJS,L,4,1.0,4.0,0.42,3524.0,0.25,1.0,0.25
8481524,Bowen Byram,BUF,D,73,11.0,84.0,5.47,89100.0,0.1506849315068493,1.1506849315068493,0.13095238095238096
8478469,Thomas Chabot,OTT,D,51,9.0,118.0,6.74,70518.0,0.17647058823529413,2.3137254901960786,0.07627118644067797
8481532,Alex Turcotte,LAK,C,20,1.0,14.0,2.76,11136.0,0.05,0.7,0.07142857142857142
8482667,William Eklund,SJS,L,80,16.0,128.0,18.0,89578.0,0.2,1.6,0.125
8476525,Colin Miller,WPG,D,46,4.0,69.0,2.02,43346.0,0.08695652173913043,1.5,0.057971014492753624
8480797,Joel Farabee,PHI,L,82,22.0,182.0,18.84,79637.0,0.2682926829268293,2.2195121951219514,0.12087912087912088
8483407,Brandon Scanlin,NYR,D,1,0.0,0.0,0.0,646.0,0.0,0.0,0.0
8480980,Connor Dewar,TOR,C,74,11.0,77.0,8.76,51726.0,0.14864864864864866,1.0405405405405406,0.14285714285714285
8477444,Andre Burakovsky,SEA,L,49,7.0,92.0,8.76,42821.0,0.14285714285714285,1.8775510204081634,0.07608695652173914
8474602,Justin Schultz,SEA,D,70,7.0,100.0,4.55,69187.0,0.1,1.4285714285714286,0.07
8475287,Erik Haula,NJD,L,76,16.0,155.0,21.33,76963.0,0.21052631578947367,2.039473684210526,0.1032258064516129
8474040,Sam Gagner,EDM,C,28,5.0,48.0,3.56,17153.0,0.17857142857142858,1.7142857142857142,0.10416666666666667
8483597,Milos Kelemen,ARI,L,10,0.0,5.0,0.61,4609.0,0.0,0.5,0.0
8482730,Brandt Clarke,LAK,D,16,2.0,31.0,1.96,13105.0,0.125,1.9375,0.06451612903225806
8479576,Vincent Desharnais,EDM,D,78,1.0,41.0,1.2,73607.0,0.01282051282051282,0.5256410256410257,0.024390243902439025
8481523,Kirby Dach,MTL,C,2,0.0,3.0,0.3,1562.0,0.0,1.5,0.0
8480064,Josh Norris,OTT,C,50,16.0,115.0,12.94,52912.0,0.32,2.3,0.1391304347826087
8482475,Yegor Chinakhov,CBJ,R,53,16.0,110.0,10.87,48233.0,0.3018867924528302,2.0754716981132075,0.14545454545454545
8481537,Nikita Okhotiuk,CGY,D,52,1.0,52.0,2.7,49647.0,0.019230769230769232,1.0,0.019230769230769232
8476871,Tanner Pearson,MTL,L,54,5.0,77.0,9.23,41921.0,0.09259259259259259,1.4259259259259258,0.06493506493506493
8477541,Dakota Mermis,MIN,D,47,3.0,42.0,1.79,39726.0,0.06382978723404255,0.8936170212765957,0.07142857142857142
8477955,Jared McCann,SEA,L,80,29.0,216.0,20.98,80453.0,0.3625,2.7,0.13425925925925927
8482117,Lukas Reichel,CHI,L,65,5.0,84.0,8.72,55031.0,0.07692307692307693,1.2923076923076924,0.05952380952380952
8480205,Emil Bemstrom,PIT,C,56,8.0,83.0,8.33,37431.0,0.14285714285714285,1.4821428571428572,0.0963855421686747
8477506,Ryan Pulock,NYI,D,58,5.0,90.0,3.98,78474.0,0.08620689655172414,1.5517241379310345,0.05555555555555555
8475760,Nick Bjugstad,ARI,C,76,22.0,166.0,20.73,79548.0,0.2894736842105263,2.1842105263157894,0.13253012048192772
8476891,Matt Grzelcyk,BOS,D,63,2.0,59.0,2.3,66519.0,0.031746031746031744,0.9365079365079365,0.03389830508474576
8476323,Max McCormick,SEA,L,1,0.0,0.0,0.0,338.0,0.0,0.0,0.0
8473449,Kyle Okposo,FLA,R,67,12.0,115.0,13.14,53678.0,0.1791044776119403,1.7164179104477613,0.10434782608695652
8482157,Will Cuylle,NYR,L,81,13.0,119.0,13.56,54070.0,0.16049382716049382,1.4691358024691359,0.1092436974789916
8476885,Jacob Trouba,NYR,D,69,3.0,129.0,5.69,87957.0,0.043478260869565216,1.8695652173913044,0.023255813953488372
8479337,Alex DeBrincat,DET,R,82,27.0,237.0,27.01,88029.0,0.32926829268292684,2.8902439024390243,0.11392405063291139
8478424,Jansen Harkins,PIT,C,45,0.0,37.0,3.05,22162.0,0.0,0.8222222222222222,0.0
8481568,Alex Vlasic,CHI,D,76,2.0,71.0,3.79,97943.0,0.02631578947368421,0.9342105263157895,0.028169014084507043
8480145,Neal Pionk,WPG,D,82,5.0,146.0,6.1,102478.0,0.06097560975609756,1.7804878048780488,0.03424657534246575
8480036,Miro Heiskanen,DAL,D,71,9.0,162.0,9.82,104542.0,0.1267605633802817,2.2816901408450705,0.05555555555555555
8478443,Brandon Carlo,BOS,D,76,4.0,79.0,2.68,90761.0,0.05263157894736842,1.0394736842105263,0.05063291139240506
8476792,Torey Krug,STL,D,77,4.0,162.0,8.04,101461.0,0.05194805194805195,2.103896103896104,0.024691358024691357
8483395,Arshdeep Bains,VAN,L,8,0.0,4.0,0.49,5667.0,0.0,0.5,0.0
8479379,Givani Smith,SJS,R,36,1.0,31.0,3.49,16868.0,0.027777777777777776,0.8611111111111112,0.03225806451612903
8482733,Logan Mailloux,MTL,D,1,0.0,2.0,0.09,1274.0,0.0,2.0,0.0
8474062,Riley Nash,NYR,C,1,0.0,1.0,0.01,665.0,0.0,1.0,0.0
8478550,Artemi Panarin,NYR,L,82,49.0,303.0,30.61,98985.0,0.5975609756097561,3.6951219512195124,0.1617161716171617
8478413,Jordan Greenway,BUF,L,67,10.0,107.0,14.21,69343.0,0.14925373134328357,1.5970149253731343,0.09345794392523364
8483493,Frank Nazar,CHI,C,3,1.0,2.0,0.97,2906.0,0.3333333333333333,0.6666666666666666,0.5
8481593,Jayden Struble,MTL,D,56,3.0,47.0,2.04,54136.0,0.05357142857142857,0.8392857142857143,0.06382978723404255
8480855,Jack McBain,ARI,C,67,8.0,56.0,10.42,50750.0,0.11940298507462686,0.835820895522388,0.14285714285714285
8477903,Garnet Hathaway,PHI,R,82,7.0,103.0,12.23,61442.0,0.08536585365853659,1.2560975609756098,0.06796116504854369
8476278,Colin Blackwell,CHI,C,44,8.0,88.0,9.0,38260.0,0.18181818181818182,2.0,0.09090909090909091
8477887,Patrick Brown,BOS,C,11,0.0,7.0,0.55,5825.0,0.0,0.6363636363636364,0.0
8482749,Joshua Roy,MTL,R,23,4.0,34.0,5.7,16754.0,0.17391304347826086,1.4782608695652173,0.11764705882352941
8475171,Oliver Ekman-Larsson,FLA,D,80,9.0,123.0,7.03,88290.0,0.1125,1.5375,0.07317073170731707
8482720,Matthew Knies,TOR,L,80,15.0,115.0,14.71,65652.0,0.1875,1.4375,0.13043478260869565
8477369,Carson Soucy,VAN,D,40,2.0,29.0,1.94,41965.0,0.05,0.725,0.06896551724137931
8474037,James van Riemsdyk,BOS,L,71,11.0,142.0,22.72,57536.0,0.15492957746478872,2.0,0.07746478873239436
8480468,James Hamblin,EDM,L,31,2.0,18.0,2.93,14740.0,0.06451612903225806,0.5806451612903226,0.1111111111111111
8474189,Lars Eller,PIT,C,82,15.0,154.0,18.43,78550.0,0.18292682926829268,1.8780487804878048,0.09740259740259741
8478038,Devon Toews,COL,D,82,12.0,160.0,9.09,115271.0,0.14634146341463414,1.951219512195122,0.075
8477939,William Nylander,TOR,R,82,40.0,316.0,30.99,97975.0,0.4878048780487805,3.8536585365853657,0.12658227848101267
8474563,Drew Doughty,LAK,D,82,15.0,135.0,8.5,126904.0,0.18292682926829268,1.646341463414634,0.1111111111111111
8473507,Jeff Petry,DET,D,73,3.0,84.0,3.73,82323.0,0.0410958904109589,1.1506849315068493,0.03571428571428571
8479984,Cal Foote,NJD,D,4,0.0,0.0,0.0,3544.0,0.0,0.0,0.0
8478449,Roope Hintz,DAL,C,80,30.0,182.0,28.71,82751.0,0.375,2.275,0.16483516483516483
8482097,Jack Quinn,BUF,R,27,9.0,56.0,7.78,25339.0,0.3333333333333333,2.074074074074074,0.16071428571428573
8479393,Noah Gregor,TOR,C,63,6.0,110.0,11.18,43088.0,0.09523809523809523,1.746031746031746,0.05454545454545454
8482142,Jamie Drysdale,PHI,D,34,3.0,55.0,2.82,40032.0,0.08823529411764706,1.6176470588235294,0.05454545454545454
8482705,Cole Sillinger,CBJ,C,77,13.0,157.0,18.29,74472.0,0.16883116883116883,2.038961038961039,0.08280254777070063
8476441,Joel Edmundson,TOR,D,53,1.0,46.0,2.49,52998.0,0.018867924528301886,0.8679245283018868,0.021739130434782608
8478502,Dennis Gilbert,CGY,D,34,1.0,23.0,0.89,25058.0,0.029411764705882353,0.6764705882352942,0.043478260869565216
8480281,Alexey Toropchenko,STL,R,82,14.0,114.0,15.54,61608.0,0.17073170731707318,1.3902439024390243,0.12280701754385964
8484911,Collin Graf,SJS,R,7,0.0,7.0,0.71,6970.0,0.0,1.0,0.0
8483398,Declan Carlile,TBL,D,1,0.0,0.0,0.03,687.0,0.0,0.0,0.0
8475164,Jakob Silfverberg,ANA,R,81,7.0,102.0,9.77,63426.0,0.08641975308641975,1.2592592592592593,0.06862745098039216
8479368,Max Jones,ANA,L,52,5.0,76.0,9.89,37621.0,0.09615384615384616,1.4615384615384615,0.06578947368421052
8481567,Henry Thrun,SJS,D,51,3.0,48.0,2.21,61199.0,0.058823529411764705,0.9411764705882353,0.0625
8482737,Zack Bolduc,STL,C,25,5.0,38.0,2.84,18023.0,0.2,1.52,0.13157894736842105
8475906,John Klingberg,TOR,D,14,0.0,14.0,0.96,17263.0,0.0,1.0,0.0
8477021,Alex Kerfoot,ARI,C,82,13.0,103.0,18.91,85776.0,0.15853658536585366,1.2560975609756098,0.1262135922330097
8476869,Brady Skjei,CAR,D,80,13.0,185.0,9.77,102135.0,0.1625,2.3125,0.07027027027027027
8481206,John Ludvig,PIT,D,33,3.0,24.0,1.31,23376.0,0.09090909090909091,0.7272727272727273,0.125
8481535,Nils Hoglander,VAN,L,80,24.0,120.0,18.06,58110.0,0.3,1.5,0.2
8477426,Nicholas Paul,TBL,L,82,24.0,153.0,22.83,84919.0,0.2926829268292683,1.8658536585365855,0.1568627450980392
8482126,Emil Andrae,PHI,D,4,0.0,0.0,0.0,3120.0,0.0,0.0,0.0
8481528,Dylan Cozens,BUF,C,79,18.0,200.0,23.41,81649.0,0.22784810126582278,2.5316455696202533,0.09
8480144,David Kampf,TOR,C,78,8.0,79.0,8.18,63119.0,0.10256410256410256,1.0128205128205128,0.10126582278481013
8480441,Trey Fix-Wolansky,CBJ,R,11,2.0,17.0,1.5,7252.0,0.18181818181818182,1.5454545454545454,0.11764705882352941
8477404,Jake Guentzel,CAR,C,67,30.0,238.0,38.64,80483.0,0.44776119402985076,3.5522388059701493,0.12605042016806722
8479439,Jacob MacDonald,SJS,D,34,7.0,49.0,5.0,24524.0,0.20588235294117646,1.4411764705882353,0.14285714285714285
8483489,Fraser Minten,TOR,C,4,0.0,3.0,0.68,2744.0,0.0,0.75,0.0
8476927,Teddy Blueger,VAN,C,68,6.0,97.0,12.64,60936.0,0.08823529411764706,1.4264705882352942,0.061855670103092786
8481564,Ryan Johnson,BUF,D,41,0.0,35.0,1.35,34113.0,0.0,0.8536585365853658,0.0
8475825,Jani Hakanp,DAL,D,64,2.0,56.0,1.71,71602.0,0.03125,0.875,0.03571428571428571
8481605,Jackson LaCombe,ANA,D,71,2.0,55.0,3.33,82547.0,0.028169014084507043,0.7746478873239436,0.03636363636363636
8483397,Marc McLaughlin,BOS,C,1,1.0,2.0,0.13,759.0,1.0,2.0,0.5
8475842,Sam Carrick,EDM,C,77,10.0,92.0,11.04,56467.0,0.12987012987012986,1.1948051948051948,0.10869565217391304
8474149,Evgenii Dadonov,DAL,R,51,12.0,67.0,9.01,40318.0,0.23529411764705882,1.3137254901960784,0.1791044776119403
8480220,Noah Cates,PHI,L,59,6.0,78.0,8.41,48842.0,0.1016949152542373,1.3220338983050848,0.07692307692307693
8475167,Victor Hedman,TBL,D,78,13.0,168.0,12.7,116084.0,0.16666666666666666,2.1538461538461537,0.07738095238095238
8480172,Jan Rutta,SJS,D,69,5.0,69.0,3.06,81643.0,0.07246376811594203,1.0,0.07246376811594203
8479425,Filip Hronek,VAN,D,81,5.0,148.0,6.94,113925.0,0.06172839506172839,1.8271604938271604,0.033783783783783786
8482784,Zach Dean,STL,C,9,0.0,10.0,0.98,5699.0,0.0,1.1111111111111112,0.0
8480012,Elias Pettersson,VAN,C,82,34.0,207.0,27.32,96680.0,0.4146341463414634,2.524390243902439,0.1642512077294686
8476858,Phillip Di Giuseppe,VAN,L,51,5.0,52.0,6.13,37012.0,0.09803921568627451,1.0196078431372548,0.09615384615384616
8477478,William Carrier,VGK,L,39,6.0,65.0,8.13,26140.0,0.15384615384615385,1.6666666666666667,0.09230769230769231
8480002,Nico Hischier,NJD,C,71,27.0,182.0,28.57,82994.0,0.38028169014084506,2.563380281690141,0.14835164835164835
8477495,Seth Jones,CHI,D,67,8.0,172.0,9.2,102447.0,0.11940298507462686,2.5671641791044775,0.046511627906976744
8480874,Adam Ginning,PHI,D,9,1.0,6.0,0.14,7641.0,0.1111111111111111,0.6666666666666666,0.16666666666666666
8477951,Nick Schmaltz,ARI,C,79,22.0,158.0,21.77,90903.0,0.27848101265822783,2.0,0.13924050632911392
8477500,Bo Horvat,NYI,C,81,33.0,248.0,23.4,95712.0,0.4074074074074074,3.0617283950617282,0.13306451612903225
8475168,Matt Duchene,DAL,C,80,25.0,172.0,25.29,80478.0,0.3125,2.15,0.14534883720930233
8478873,Troy Terry,ANA,R,76,20.0,172.0,18.27,83393.0,0.2631578947368421,2.263157894736842,0.11627906976744186
8475166,John Tavares,TOR,C,80,29.0,279.0,41.72,85752.0,0.3625,3.4875,0.1039426523297491
8479402,Jake Bean,CBJ,D,72,4.0,76.0,3.66,70533.0,0.05555555555555555,1.0555555555555556,0.05263157894736842
8481058,Jesse Ylnen,MTL,R,59,4.0,50.0,3.86,36240.0,0.06779661016949153,0.847457627118644,0.08
8481518,Nolan Foote,NJD,L,4,1.0,6.0,0.75,2424.0,0.25,1.5,0.16666666666666666
8476458,Ryan Strome,ANA,C,79,11.0,131.0,12.98,74887.0,0.13924050632911392,1.6582278481012658,0.08396946564885496
8475218,Mattias Ekholm,EDM,D,79,11.0,177.0,10.88,99774.0,0.13924050632911392,2.240506329113924,0.062146892655367235
8477462,Robert Hagg,ANA,D,5,0.0,6.0,0.18,3835.0,0.0,1.2,0.0
8484153,Leo Carlsson,ANA,C,55,12.0,109.0,11.17,59760.0,0.21818181818181817,1.981818181818182,0.11009174311926606
8476856,Matt Dumba,TBL,D,76,4.0,86.0,5.32,89981.0,0.05263157894736842,1.131578947368421,0.046511627906976744
8484145,Zach Benson,BUF,L,71,11.0,98.0,16.8,61844.0,0.15492957746478872,1.380281690140845,0.11224489795918367
8482118,Sam Colangelo,ANA,R,3,1.0,7.0,0.76,2260.0,0.3333333333333333,2.3333333333333335,0.14285714285714285
8474679,Gustav Nyquist,NSH,C,81,23.0,153.0,21.29,86228.0,0.2839506172839506,1.8888888888888888,0.1503267973856209
8476462,Dougie Hamilton,NJD,D,20,5.0,61.0,3.51,25170.0,0.25,3.05,0.08196721311475409
8482712,Oskar Olausson,COL,R,1,0.0,2.0,0.03,710.0,0.0,2.0,0.0
8478011,Louie Belpedio,PHI,D,12,2.0,12.0,0.49,9506.0,0.16666666666666666,1.0,0.16666666666666666
8477919,Frederick Gaudreau,MIN,C,67,5.0,105.0,6.44,56048.0,0.07462686567164178,1.5671641791044777,0.047619047619047616
8481147,Reese Johnson,CHI,C,42,2.0,51.0,5.24,27551.0,0.047619047619047616,1.2142857142857142,0.0392156862745098
8480018,Nick Suzuki,MTL,C,82,33.0,185.0,21.76,104619.0,0.4024390243902439,2.2560975609756095,0.1783783783783784
8481604,Pavel Dorofeyev,VGK,L,47,13.0,97.0,10.96,37440.0,0.2765957446808511,2.0638297872340425,0.13402061855670103
8482166,Shakir Mukhamadullin,SJS,D,3,0.0,5.0,0.09,3808.0,0.0,1.6666666666666667,0.0
8475197,Tyson Barrie,NSH,D,41,1.0,65.0,3.72,45072.0,0.024390243902439025,1.5853658536585367,0.015384615384615385
8474568,Luke Schenn,NSH,D,63,1.0,81.0,2.33,57397.0,0.015873015873015872,1.2857142857142858,0.012345679012345678
8482751,Ryan Winterton,SEA,C,9,0.0,10.0,0.64,5043.0,0.0,1.1111111111111112,0.0
8475184,Chris Kreider,NYR,L,82,39.0,246.0,38.8,92415.0,0.47560975609756095,3.0,0.15853658536585366
8475726,Tyler Toffoli,WPG,C,79,33.0,229.0,29.35,80391.0,0.4177215189873418,2.8987341772151898,0.14410480349344978
8477952,Robby Fabbri,DET,C,68,18.0,97.0,16.3,52503.0,0.2647058823529412,1.4264705882352942,0.18556701030927836
8480878,Nils Lundkvist,DAL,D,59,2.0,73.0,2.21,49936.0,0.03389830508474576,1.2372881355932204,0.0273972602739726
8476958,Jaccob Slavin,CAR,D,81,6.0,151.0,6.41,101729.0,0.07407407407407407,1.8641975308641976,0.039735099337748346
8481522,Peyton Krebs,BUF,C,80,4.0,74.0,7.11,60027.0,0.05,0.925,0.05405405405405406
8475855,Jesper Fast,CAR,R,73,6.0,79.0,13.02,55208.0,0.0821917808219178,1.082191780821918,0.0759493670886076
8477987,Ryan Donato,CHI,C,78,12.0,149.0,13.87,65516.0,0.15384615384615385,1.9102564102564104,0.08053691275167785
8482660,Kent Johnson,CBJ,C,42,6.0,62.0,4.71,34125.0,0.14285714285714285,1.4761904761904763,0.0967741935483871
8483495,Simon Nemec,NJD,D,60,3.0,73.0,5.23,71507.0,0.05,1.2166666666666666,0.0410958904109589
8477493,Aleksander Barkov,FLA,C,73,23.0,194.0,27.93,86009.0,0.3150684931506849,2.6575342465753424,0.11855670103092783
8476419,Jean-Gabriel Pageau,NYI,C,82,11.0,101.0,13.67,78269.0,0.13414634146341464,1.2317073170731707,0.10891089108910891
8478585,Derek Ryan,EDM,C,70,5.0,52.0,7.35,42812.0,0.07142857142857142,0.7428571428571429,0.09615384615384616
8482476,Emil Heineman,MTL,L,4,0.0,0.0,0.12,2389.0,0.0,0.0,0.0
8480879,Jacob Bernard-Docker,OTT,D,72,4.0,51.0,1.71,67796.0,0.05555555555555555,0.7083333333333334,0.0784313725490196
8478115,Pierre Engvall,NYI,L,74,10.0,128.0,16.52,68043.0,0.13513513513513514,1.7297297297297298,0.078125
8484203,Bradly Nadeau,CAR,L,1,0.0,3.0,0.18,1148.0,0.0,3.0,0.0
8481546,Cam York,PHI,D,82,10.0,134.0,9.1,111287.0,0.12195121951219512,1.6341463414634145,0.07462686567164178
8477501,Valeri Nichushkin,COL,R,54,28.0,158.0,27.25,69175.0,0.5185185185185185,2.925925925925926,0.17721518987341772
8479371,Dante Fabbro,NSH,D,56,3.0,65.0,2.39,54938.0,0.05357142857142857,1.1607142857142858,0.046153846153846156
8474145,Robert Bortuzzo,NYI,D,27,0.0,11.0,0.69,22244.0,0.0,0.4074074074074074,0.0
8476469,Joel Armia,MTL,R,66,17.0,139.0,12.37,61584.0,0.25757575757575757,2.106060606060606,0.1223021582733813
8480830,Andrei Svechnikov,CAR,R,59,19.0,144.0,19.57,60108.0,0.3220338983050847,2.440677966101695,0.13194444444444445
8480836,Jonathan Gruden,PIT,C,13,1.0,9.0,0.97,6765.0,0.07692307692307693,0.6923076923076923,0.1111111111111111
8482787,Nikita Chibrikov,WPG,R,1,1.0,3.0,0.17,663.0,1.0,3.0,0.3333333333333333
8482762,Simon Edvinsson,DET,D,16,1.0,13.0,0.79,17525.0,0.0625,0.8125,0.07692307692307693
8478975,Mason Marchment,DAL,L,81,22.0,150.0,20.18,73188.0,0.2716049382716049,1.8518518518518519,0.14666666666666667
8477846,Ryan Carpenter,SJS,C,62,5.0,58.0,6.79,41303.0,0.08064516129032258,0.9354838709677419,0.08620689655172414
8481059,Scott Perunovich,STL,D,54,0.0,36.0,1.35,49481.0,0.0,0.6666666666666666,0.0
8482666,Scott Morrow,CAR,D,2,0.0,6.0,0.13,2206.0,0.0,3.0,0.0
8479321,Lucas Johansen,WSH,D,6,0.0,4.0,0.16,5136.0,0.0,0.6666666666666666,0.0
8478136,Jake Middleton,MIN,D,80,7.0,85.0,5.7,95080.0,0.0875,1.0625,0.08235294117647059
8480887,Jordan Harris,MTL,D,56,3.0,43.0,1.57,58706.0,0.05357142857142857,0.7678571428571429,0.06976744186046512
8475413,Justin Dowling,NJD,C,2,1.0,3.0,0.49,1263.0,0.5,1.5,0.3333333333333333
8481556,John Beecher,BOS,C,52,7.0,38.0,5.03,33146.0,0.1346153846153846,0.7307692307692307,0.18421052631578946
8481716,Dmitri Voronkov,CBJ,L,75,18.0,142.0,20.8,60556.0,0.24,1.8933333333333333,0.1267605633802817
8477979,Nicolas Aube-Kubel,WSH,R,60,6.0,58.0,5.67,43947.0,0.1,0.9666666666666667,0.10344827586206896
8475690,Chris Tanev,DAL,D,75,2.0,56.0,1.3,88577.0,0.02666666666666667,0.7466666666666667,0.03571428571428571
8481655,Cole Schwindt,CGY,R,4,0.0,1.0,0.25,1630.0,0.0,0.25,0.0
8480208,Drake Batherson,OTT,R,82,28.0,196.0,24.22,89413.0,0.34146341463414637,2.3902439024390243,0.14285714285714285
8476853,Morgan Rielly,TOR,D,72,7.0,173.0,9.67,102562.0,0.09722222222222222,2.4027777777777777,0.04046242774566474
8474612,Travis Hamonic,OTT,D,48,2.0,50.0,1.36,42438.0,0.041666666666666664,1.0416666666666667,0.04
8477450,Jason Dickinson,CHI,C,82,22.0,126.0,13.07,81529.0,0.2682926829268293,1.5365853658536586,0.1746031746031746
8481541,Samuel Bolduc,NYI,D,34,2.0,32.0,1.05,26816.0,0.058823529411764705,0.9411764705882353,0.0625
8483808,Andrei Kuzmenko,CGY,L,72,22.0,121.0,19.35,64300.0,0.3055555555555556,1.6805555555555556,0.18181818181818182
8483432,Luca Del Bel Belluz,CBJ,C,1,1.0,2.0,0.17,575.0,1.0,2.0,0.5
8481477,Nico Sturm,SJS,C,63,5.0,69.0,9.23,55412.0,0.07936507936507936,1.0952380952380953,0.07246376811594203
8476902,Esa Lindell,DAL,D,82,5.0,114.0,5.82,100721.0,0.06097560975609756,1.3902439024390243,0.043859649122807015
8477497,Sean Monahan,WPG,C,83,26.0,171.0,24.8,90109.0,0.3132530120481928,2.0602409638554215,0.15204678362573099
8481068,Yegor Sharangovich,CGY,C,82,31.0,179.0,20.79,85189.0,0.3780487804878049,2.182926829268293,0.17318435754189945
8477492,Nathan MacKinnon,COL,C,82,51.0,405.0,37.26,112246.0,0.6219512195121951,4.939024390243903,0.1259259259259259
8479330,Brandon Gignac,MTL,C,7,1.0,7.0,0.94,4891.0,0.14285714285714285,1.0,0.14285714285714285
8481600,Tobias Bjornfot,FLA,D,4,0.0,1.0,0.01,3314.0,0.0,0.25,0.0
8479619,Michael Carcone,ARI,L,74,21.0,111.0,11.35,50043.0,0.28378378378378377,1.5,0.1891891891891892
8478233,Andrew Mangiapane,CGY,L,75,14.0,122.0,20.71,71979.0,0.18666666666666668,1.6266666666666667,0.11475409836065574
8482803,Olen Zellweger,ANA,D,26,2.0,34.0,1.4,30084.0,0.07692307692307693,1.3076923076923077,0.058823529411764705
8482111,Justin Barron,MTL,D,48,7.0,60.0,4.29,53646.0,0.14583333333333334,1.25,0.11666666666666667
8471817,Ryan Reaves,TOR,R,49,4.0,26.0,3.91,23862.0,0.08163265306122448,0.5306122448979592,0.15384615384615385
8477944,Jakub Vrana,STL,L,21,2.0,42.0,2.9,15279.0,0.09523809523809523,2.0,0.047619047619047616
8480267,Sammy Walker,MIN,C,4,0.0,3.0,0.2,2247.0,0.0,0.75,0.0
8477407,Anthony Duclair,TBL,L,73,24.0,129.0,18.97,69089.0,0.3287671232876712,1.7671232876712328,0.18604651162790697
8482516,Matthew Kessel,STL,D,39,1.0,28.0,1.17,39299.0,0.02564102564102564,0.717948717948718,0.03571428571428571
8479944,Zach Aston-Reese,DET,C,3,0.0,1.0,0.22,928.0,0.0,0.3333333333333333,0.0
8481592,Jakob Pelletier,CGY,L,13,1.0,9.0,0.78,7231.0,0.07692307692307693,0.6923076923076923,0.1111111111111111
8484314,Jiri Smejkal,OTT,L,20,1.0,10.0,1.97,11374.0,0.05,0.5,0.1
8482078,Lucas Raymond,DET,L,82,31.0,163.0,21.04,87346.0,0.3780487804878049,1.9878048780487805,0.1901840490797546
8476539,Jonathan Marchessault,VGK,R,82,42.0,266.0,29.49,88043.0,0.5121951219512195,3.2439024390243905,0.15789473684210525
8483468,Jiri Kulich,BUF,C,1,0.0,1.0,0.01,893.0,0.0,1.0,0.0
8475170,Brayden Schenn,STL,C,82,20.0,170.0,24.78,87482.0,0.24390243902439024,2.073170731707317,0.11764705882352941
8477070,Liam O'Brien,ARI,C,75,5.0,72.0,8.55,43782.0,0.06666666666666667,0.96,0.06944444444444445
8479318,Auston Matthews,TOR,C,81,69.0,369.0,50.77,101897.0,0.8518518518518519,4.555555555555555,0.18699186991869918
8482093,Seth Jarvis,CAR,C,81,33.0,178.0,33.43,91125.0,0.4074074074074074,2.197530864197531,0.1853932584269663
8475149,Marcus Johansson,MIN,L,78,11.0,112.0,13.04,74355.0,0.14102564102564102,1.435897435897436,0.09821428571428571
8484149,Gavin Brindley,CBJ,C,1,0.0,0.0,0.0,740.0,0.0,0.0,0.0
8480008,Adam Ruzicka,ARI,C,42,3.0,35.0,2.92,25268.0,0.07142857142857142,0.8333333333333334,0.08571428571428572
8475208,Brian Dumoulin,SEA,D,80,6.0,69.0,2.9,81675.0,0.075,0.8625,0.08695652173913043
8478854,Ryan Shea,PIT,D,31,1.0,17.0,0.45,23482.0,0.03225806451612903,0.5483870967741935,0.058823529411764705
8478366,Frank Vatrano,ANA,R,82,37.0,272.0,28.86,90256.0,0.45121951219512196,3.317073170731707,0.13602941176470587
8483045,Cameron Butler,CBJ,R,1,0.0,0.0,0.0,54.0,0.0,0.0,0.0
8476952,Dominic Toninato,WPG,C,15,1.0,12.0,2.22,9172.0,0.06666666666666667,0.8,0.08333333333333333
8474716,Jared Spurgeon,MIN,D,16,0.0,21.0,1.22,22394.0,0.0,1.3125,0.0
8481527,Kaedan Korczak,VGK,D,26,1.0,32.0,1.08,25748.0,0.038461538461538464,1.2307692307692308,0.03125
8479316,Luke Kunin,SJS,C,77,11.0,98.0,13.12,72722.0,0.14285714285714285,1.2727272727272727,0.11224489795918367
8482094,Daemon Hunt,MIN,D,12,0.0,7.0,0.47,8283.0,0.0,0.5833333333333334,0.0
8480078,Filip Chytil,NYR,C,10,0.0,22.0,1.34,9558.0,0.0,2.2,0.0
8479546,Oskar Steen,BOS,C,34,1.0,24.0,2.56,18503.0,0.029411764705882353,0.7058823529411765,0.041666666666666664
8480459,Pius Suter,VAN,C,67,14.0,105.0,15.91,62290.0,0.208955223880597,1.5671641791044777,0.13333333333333333
8479026,Philippe Myers,TBL,D,5,0.0,6.0,0.17,3508.0,0.0,1.2,0.0
8479536,Axel Jonsson-Fjallby,WPG,L,26,2.0,23.0,1.98,12656.0,0.07692307692307693,0.8846153846153846,0.08695652173913043
8476448,William Karlsson,VGK,C,70,30.0,175.0,22.31,73927.0,0.42857142857142855,2.5,0.17142857142857143
8476913,Devin Shore,SEA,C,21,1.0,15.0,1.51,10089.0,0.047619047619047616,0.7142857142857143,0.06666666666666667
8480853,Liam Foudy,NSH,C,13,0.0,7.0,0.96,7782.0,0.0,0.5384615384615384,0.0
8477473,Justin Bailey,SJS,R,59,5.0,70.0,5.71,39934.0,0.0847457627118644,1.1864406779661016,0.07142857142857142
8475752,Tyler Pitlick,NYR,C,34,1.0,32.0,3.11,20804.0,0.029411764705882353,0.9411764705882353,0.03125
8474567,Zach Bogosian,MIN,D,65,3.0,83.0,2.79,69734.0,0.046153846153846156,1.2769230769230768,0.03614457831325301
8481006,Tyler Tucker,STL,D,26,1.0,17.0,0.42,19423.0,0.038461538461538464,0.6538461538461539,0.058823529411764705
8480870,Bo Groulx,ANA,C,45,0.0,32.0,3.69,32909.0,0.0,0.7111111111111111,0.0
8483524,Shane Wright,SEA,C,8,4.0,12.0,2.13,6497.0,0.5,1.5,0.3333333333333333
8482124,Quinton Byfield,LAK,R,80,20.0,161.0,26.93,79122.0,0.25,2.0125,0.12422360248447205
8484259,Ondrej Pavel,COL,C,2,0.0,3.0,0.41,732.0,0.0,1.5,0.0
8479420,Tage Thompson,BUF,C,71,29.0,246.0,24.18,77183.0,0.4084507042253521,3.464788732394366,0.11788617886178862
8478409,Anthony Richard,BOS,C,9,1.0,6.0,0.93,5728.0,0.1111111111111111,0.6666666666666666,0.16666666666666666
8481582,Nicholas Robertson,TOR,L,56,14.0,96.0,8.83,38225.0,0.25,1.7142857142857142,0.14583333333333334
8479339,Patrik Laine,CBJ,L,18,6.0,41.0,3.46,16436.0,0.3333333333333333,2.2777777777777777,0.14634146341463414
8479320,Max Lajoie,TOR,D,7,0.0,1.0,0.01,5341.0,0.0,0.14285714285714285,0.0
8477476,Artturi Lehkonen,COL,L,45,16.0,103.0,17.82,49873.0,0.35555555555555557,2.2888888888888888,0.1553398058252427
8484326,Patrik Koch,ARI,D,1,0.0,1.0,0.01,560.0,0.0,1.0,0.0
8476867,Brendan Gaunce,CBJ,C,24,2.0,24.0,2.79,16913.0,0.08333333333333333,1.0,0.08333333333333333
8477504,Josh Morrissey,WPG,D,81,10.0,196.0,11.02,117526.0,0.12345679012345678,2.419753086419753,0.05102040816326531
8482861,Vincent Iorio,WSH,D,6,0.0,6.0,0.15,3537.0,0.0,1.0,0.0
8482125,Alexander Holtz,NJD,R,82,16.0,122.0,12.54,57244.0,0.1951219512195122,1.4878048780487805,0.13114754098360656
8481726,Adam Edstrom,NYR,C,11,2.0,7.0,0.84,5551.0,0.18181818181818182,0.6363636363636364,0.2857142857142857
8476967,Brett Kulak,EDM,D,82,3.0,94.0,3.5,75691.0,0.036585365853658534,1.146341463414634,0.031914893617021274
8476981,Josh Anderson,MTL,R,78,9.0,141.0,18.35,72369.0,0.11538461538461539,1.8076923076923077,0.06382978723404255
8481077,John Leonard,ARI,L,6,1.0,5.0,0.19,2472.0,0.16666666666666666,0.8333333333333334,0.2
8471699,Andrew Cogliano,COL,C,75,6.0,61.0,5.57,47744.0,0.08,0.8133333333333334,0.09836065573770492
8475225,Craig Smith,DAL,C,75,11.0,112.0,10.7,45975.0,0.14666666666666667,1.4933333333333334,0.09821428571428571
8480023,Robert Thomas,STL,C,82,26.0,170.0,22.59,103155.0,0.3170731707317073,2.073170731707317,0.15294117647058825
8475755,Alexander Petrovic,DAL,D,1,0.0,2.0,0.12,772.0,0.0,2.0,0.0
8479980,Nicolas Hague,VGK,D,73,2.0,105.0,4.11,81260.0,0.0273972602739726,1.4383561643835616,0.01904761904761905
8481550,Adam Beckman,MIN,L,11,0.0,10.0,1.07,6209.0,0.0,0.9090909090909091,0.0
8476874,Olli Maatta,DET,D,72,4.0,48.0,2.92,69353.0,0.05555555555555555,0.6666666666666666,0.08333333333333333
8480802,Ryan McLeod,EDM,C,81,12.0,106.0,13.2,69221.0,0.14814814814814814,1.308641975308642,0.11320754716981132
8482067,Connor Mackey,NYR,D,1,0.0,1.0,0.01,987.0,0.0,1.0,0.0
8483505,Matthew Poitras,BOS,C,33,5.0,40.0,4.16,26524.0,0.15151515151515152,1.2121212121212122,0.125
8479344,Jesse Puljujarvi,PIT,R,22,3.0,29.0,3.23,12129.0,0.13636363636363635,1.3181818181818181,0.10344827586206896
8480727,Zach Whitecloud,VGK,D,61,2.0,51.0,2.25,64355.0,0.03278688524590164,0.8360655737704918,0.0392156862745098
8479370,Tyson Jost,BUF,C,43,3.0,48.0,4.39,27338.0,0.06976744186046512,1.1162790697674418,0.0625
8476988,Matt Benning,SJS,D,14,0.0,13.0,0.4,15523.0,0.0,0.9285714285714286,0.0
8479415,Michael McLeod,NJD,C,45,10.0,73.0,10.12,40889.0,0.2222222222222222,1.6222222222222222,0.136986301369863
8480448,Parker Kelly,OTT,L,80,8.0,86.0,9.16,56192.0,0.1,1.075,0.09302325581395349
8482652,Walker Duehr,CGY,R,40,2.0,29.0,2.89,19480.0,0.05,0.725,0.06896551724137931
8475231,Casey Cizikas,NYI,C,70,10.0,82.0,9.86,58552.0,0.14285714285714285,1.1714285714285715,0.12195121951219512
8482624,Daniil Miromanov,CGY,D,24,3.0,46.0,2.85,29840.0,0.125,1.9166666666666667,0.06521739130434782
8480306,Grant Hutton,NYI,D,2,0.0,0.0,0.02,1052.0,0.0,0.0,0.0
8479328,Julien Gauthier,NYI,R,27,5.0,32.0,3.44,16475.0,0.18518518518518517,1.1851851851851851,0.15625
8479992,Michael Rasmussen,DET,C,75,13.0,101.0,15.66,68359.0,0.17333333333333334,1.3466666666666667,0.12871287128712872
8480222,Sebastian Aho,NYI,D,58,2.0,48.0,1.64,57042.0,0.034482758620689655,0.8275862068965517,0.041666666666666664
8477015,Connor Brown,EDM,R,71,4.0,108.0,11.18,54526.0,0.056338028169014086,1.5211267605633803,0.037037037037037035
8483460,David Jiricek,CBJ,D,43,1.0,38.0,1.49,37662.0,0.023255813953488372,0.8837209302325582,0.02631578947368421
8481239,Samuel Fagemo,LAK,L,8,1.0,13.0,0.8,4409.0,0.125,1.625,0.07692307692307693
8476897,Oskar Sundqvist,STL,C,71,6.0,68.0,10.41,56444.0,0.08450704225352113,0.9577464788732394,0.08823529411764706
8475314,Anders Lee,NYI,L,81,20.0,185.0,35.77,75656.0,0.24691358024691357,2.2839506172839505,0.10810810810810811
8478466,Daniel Sprong,DET,R,76,18.0,160.0,12.91,54722.0,0.23684210526315788,2.1052631578947367,0.1125
8482092,Ridly Greig,OTT,C,72,13.0,97.0,13.31,63690.0,0.18055555555555555,1.3472222222222223,0.13402061855670103
8477416,Oliver Bjorkstrand,SEA,R,82,20.0,186.0,17.58,79620.0,0.24390243902439024,2.268292682926829,0.10752688172043011
8482061,Brandon Biro,BUF,L,5,2.0,2.0,1.2,3253.0,0.4,0.4,1.0
8474870,Tyler Johnson,CHI,C,67,17.0,112.0,15.62,62465.0,0.2537313432835821,1.671641791044776,0.15178571428571427
8481014,Alexander Romanov,NYI,D,81,7.0,117.0,3.44,101284.0,0.08641975308641975,1.4444444444444444,0.05982905982905983
8474565,Alex Pietrangelo,VGK,D,64,4.0,141.0,6.93,90492.0,0.0625,2.203125,0.028368794326241134
8476374,Sean Kuraly,CBJ,C,62,9.0,92.0,8.45,51095.0,0.14516129032258066,1.4838709677419355,0.09782608695652174
8478452,Caleb Jones,COL,D,25,0.0,19.0,1.14,18312.0,0.0,0.76,0.0
8478051,Max Willman,NJD,C,18,3.0,17.0,1.09,8999.0,0.16666666666666666,0.9444444444444444,0.17647058823529413
8478569,Noel Acciari,PIT,C,55,4.0,59.0,6.84,42804.0,0.07272727272727272,1.0727272727272728,0.06779661016949153
8481237,Kyle MacLean,NYI,C,32,4.0,26.0,2.7,19366.0,0.125,0.8125,0.15384615384615385
8479378,Logan Stanley,WPG,D,25,1.0,29.0,0.86,20651.0,0.04,1.16,0.034482758620689655
8473563,Nicklas Backstrom,WSH,C,8,0.0,12.0,1.47,6988.0,0.0,1.5,0.0
8476329,Travis Boyd,ARI,C,16,2.0,12.0,1.17,9237.0,0.125,0.75,0.16666666666666666
8480839,Rasmus Dahlin,BUF,D,81,20.0,235.0,14.26,123553.0,0.24691358024691357,2.9012345679012346,0.0851063829787234
8478147,Bokondji Imama,OTT,L,6,0.0,1.0,0.13,2011.0,0.0,0.16666666666666666,0.0
8481580,Connor McMichael,WSH,C,80,18.0,135.0,20.7,76736.0,0.225,1.6875,0.13333333333333333
8476905,Chandler Stephenson,VGK,C,75,16.0,97.0,10.9,83176.0,0.21333333333333335,1.2933333333333332,0.16494845360824742
8480274,Philip Kemp,EDM,D,1,0.0,0.0,0.0,123.0,0.0,0.0,0.0
8479994,Jaret Anderson-Dolan,NSH,C,31,1.0,31.0,3.48,20553.0,0.03225806451612903,1.0,0.03225806451612903
8477934,Leon Draisaitl,EDM,C,81,41.0,217.0,30.8,100580.0,0.5061728395061729,2.6790123456790123,0.1889400921658986
8474564,Steven Stamkos,TBL,C,79,40.0,262.0,32.26,86403.0,0.5063291139240507,3.3164556962025316,0.15267175572519084
8480884,Calen Addison,SJS,D,72,1.0,93.0,4.4,74583.0,0.013888888888888888,1.2916666666666667,0.010752688172043012
8482113,Anton Lundell,FLA,C,78,13.0,166.0,17.16,71961.0,0.16666666666666666,2.128205128205128,0.0783132530120482
8475279,Ben Chiarot,DET,D,77,5.0,107.0,4.92,91373.0,0.06493506493506493,1.3896103896103895,0.04672897196261682
8478078,Rourke Chartier,OTT,C,37,2.0,40.0,3.88,23908.0,0.05405405405405406,1.0810810810810811,0.05
8482088,Justin Sourdif,FLA,R,3,0.0,2.0,0.15,1591.0,0.0,0.6666666666666666,0.0
8477409,Carter Verhaeghe,FLA,C,76,34.0,246.0,31.15,81909.0,0.4473684210526316,3.236842105263158,0.13821138211382114
8480075,Cameron Crotty,ARI,D,1,0.0,0.0,0.02,603.0,0.0,0.0,0.0
8476979,Erik Gustafsson,NYR,D,76,6.0,93.0,4.58,79307.0,0.07894736842105263,1.2236842105263157,0.06451612903225806
8482148,Hendrix Lapierre,WSH,C,51,8.0,51.0,5.08,34998.0,0.1568627450980392,1.0,0.1568627450980392
8479772,Zack MacEwen,OTT,R,30,2.0,17.0,1.71,11519.0,0.06666666666666667,0.5666666666666667,0.11764705882352941
8480800,Quinn Hughes,VAN,D,82,17.0,199.0,11.18,121450.0,0.2073170731707317,2.426829268292683,0.08542713567839195
8483609,Adam Klapka,CGY,R,6,1.0,4.0,0.37,2434.0,0.16666666666666666,0.6666666666666666,0.25
8480817,K'Andre Miller,NYR,D,80,8.0,96.0,7.51,103499.0,0.1,1.2,0.08333333333333333
8478460,Zach Werenski,CBJ,D,70,11.0,202.0,13.89,102696.0,0.15714285714285714,2.8857142857142857,0.054455445544554455
8475714,Calle Jarnkrok,TOR,C,52,10.0,92.0,12.8,47606.0,0.19230769230769232,1.7692307692307692,0.10869565217391304
8476331,Dylan DeMelo,WPG,D,82,3.0,83.0,3.15,106910.0,0.036585365853658534,1.0121951219512195,0.03614457831325301
8482859,Zack Ostapchuk,OTT,C,7,0.0,5.0,0.37,4409.0,0.0,0.7142857142857143,0.0
8470604,Jeff Carter,PIT,C,72,11.0,90.0,11.86,54305.0,0.1527777777777778,1.25,0.12222222222222222
8476906,Shayne Gostisbehere,DET,D,81,10.0,139.0,9.49,92765.0,0.12345679012345678,1.7160493827160495,0.07194244604316546
8471214,Alex Ovechkin,WSH,L,79,31.0,272.0,30.54,91108.0,0.3924050632911392,3.4430379746835444,0.11397058823529412
8478421,A.J. Greer,CGY,L,59,6.0,57.0,6.58,31264.0,0.1016949152542373,0.9661016949152542,0.10526315789473684
8477451,Ryan Hartman,MIN,R,74,21.0,173.0,22.96,73334.0,0.28378378378378377,2.3378378378378377,0.12138728323699421
8482105,Jake Sanderson,OTT,D,79,10.0,158.0,6.98,110055.0,0.12658227848101267,2.0,0.06329113924050633
8477365,Connor Clifton,BUF,D,79,4.0,77.0,4.19,78475.0,0.05063291139240506,0.9746835443037974,0.05194805194805195
8480823,Alexander Alexeyev,WSH,D,39,1.0,20.0,0.55,32049.0,0.02564102564102564,0.5128205128205128,0.05
8482153,Brendan Brisson,VGK,C,15,2.0,20.0,2.22,11103.0,0.13333333333333333,1.3333333333333333,0.1
8479542,Brandon Hagel,TBL,L,82,26.0,184.0,30.8,94739.0,0.3170731707317073,2.2439024390243905,0.14130434782608695
8477969,Marcus Pettersson,PIT,D,82,4.0,106.0,4.44,111541.0,0.04878048780487805,1.2926829268292683,0.03773584905660377
8477498,Darnell Nurse,EDM,D,81,10.0,181.0,9.32,106407.0,0.12345679012345678,2.234567901234568,0.055248618784530384
8477496,Elias Lindholm,VAN,C,75,15.0,173.0,20.5,88621.0,0.2,2.3066666666666666,0.08670520231213873
8478493,Joel Eriksson Ek,MIN,C,77,30.0,268.0,39.29,94837.0,0.38961038961038963,3.4805194805194803,0.11194029850746269
8475455,Brenden Dillon,WPG,D,77,8.0,79.0,2.9,86585.0,0.1038961038961039,1.025974025974026,0.10126582278481013
8479324,Ryan Lindgren,NYR,D,76,3.0,73.0,3.27,88237.0,0.039473684210526314,0.9605263157894737,0.0410958904109589
8478427,Sebastian Aho,CAR,C,78,36.0,216.0,27.18,91857.0,0.46153846153846156,2.769230769230769,0.16666666666666666
8475780,Chris Wagner,COL,R,13,1.0,16.0,0.9,5814.0,0.07692307692307693,1.2307692307692308,0.0625
8475193,Tomas Tatar,SEA,L,70,9.0,72.0,10.08,52300.0,0.12857142857142856,1.0285714285714285,0.125
8479376,Victor Mete,PHI,D,1,0.0,0.0,0.0,652.0,0.0,0.0,0.0
8477940,Nikolaj Ehlers,WPG,L,82,25.0,233.0,18.36,78099.0,0.3048780487804878,2.841463414634146,0.1072961373390558
8474090,Brendan Smith,NJD,D,63,5.0,60.0,3.53,60860.0,0.07936507936507936,0.9523809523809523,0.08333333333333333
8475913,Mark Stone,VGK,R,56,16.0,117.0,17.47,65208.0,0.2857142857142857,2.0892857142857144,0.13675213675213677
8482665,Matty Beniers,SEA,C,77,15.0,133.0,16.47,82990.0,0.19480519480519481,1.7272727272727273,0.11278195488721804
8479985,Cale Fleury,SEA,D,1,0.0,1.0,0.02,810.0,0.0,1.0,0.0
8478542,Evan Rodrigues,FLA,C,80,12.0,186.0,18.07,72803.0,0.15,2.325,0.06451612903225806
8474673,TJ Brodie,TOR,D,78,1.0,52.0,2.71,101655.0,0.01282051282051282,0.6666666666666666,0.019230769230769232
8481701,Santeri Hatakka,NJD,D,12,0.0,12.0,0.42,10545.0,0.0,1.0,0.0
8477942,Kevin Fiala,LAK,L,82,29.0,225.0,25.37,88735.0,0.35365853658536583,2.7439024390243905,0.1288888888888889
8482122,Brock Faber,MIN,D,82,8.0,136.0,8.62,122873.0,0.0975609756097561,1.6585365853658536,0.058823529411764705
8473446,Erik Johnson,PHI,D,67,5.0,60.0,2.14,58183.0,0.07462686567164178,0.8955223880597015,0.08333333333333333
8482655,J.J. Moser,ARI,D,80,5.0,77.0,4.85,98743.0,0.0625,0.9625,0.06493506493506493
8475235,Nicolas Deslauriers,PHI,L,60,1.0,49.0,5.31,29338.0,0.016666666666666666,0.8166666666666667,0.02040816326530612
8483567,Georgii Merkulov,BOS,C,4,0.0,3.0,0.25,2539.0,0.0,0.75,0.0
8478399,Jonas Siegenthaler,NJD,D,57,1.0,63.0,2.68,66138.0,0.017543859649122806,1.105263157894737,0.015873015873015872
8479533,Joona Koppanen,PIT,L,4,0.0,4.0,0.14,1874.0,0.0,1.0,0.0
8482172,Landon Slaggert,CHI,L,16,1.0,14.0,1.48,10814.0,0.0625,0.875,0.07142857142857142
8480865,Noah Dobson,NYI,D,79,10.0,174.0,6.46,116175.0,0.12658227848101267,2.2025316455696204,0.05747126436781609
8475151,Kyle Palmieri,NYI,C,82,30.0,218.0,28.71,84721.0,0.36585365853658536,2.658536585365854,0.13761467889908258
8474884,Mike Hoffman,SJS,C,66,10.0,71.0,8.72,54377.0,0.15151515151515152,1.0757575757575757,0.14084507042253522
8481167,Brayden Pachal,CGY,D,50,2.0,52.0,2.32,44030.0,0.04,1.04,0.038461538461538464
8476461,Sean Couturier,PHI,C,74,11.0,192.0,17.81,79138.0,0.14864864864864866,2.5945945945945947,0.057291666666666664
8479421,Jacob Moverare,LAK,D,24,1.0,11.0,0.3,15043.0,0.041666666666666664,0.4583333333333333,0.09090909090909091
8478403,Jack Eichel,VGK,C,63,31.0,278.0,25.47,77565.0,0.49206349206349204,4.412698412698413,0.11151079136690648
8473422,Nick Foligno,CHI,L,74,17.0,146.0,22.21,78875.0,0.22972972972972974,1.972972972972973,0.11643835616438356
8482074,Connor Zary,CGY,C,63,14.0,90.0,10.96,57734.0,0.2222222222222222,1.4285714285714286,0.15555555555555556
8481699,Aku Raty,ARI,R,1,0.0,0.0,0.0,705.0,0.0,0.0,0.0
8481606,Jordan Spence,LAK,D,71,2.0,80.0,3.84,61455.0,0.028169014084507043,1.1267605633802817,0.025
8478507,John Marino,NJD,D,75,4.0,57.0,5.12,94311.0,0.05333333333333334,0.76,0.07017543859649122
8479587,Rhett Gardner,PHI,C,1,0.0,0.0,0.0,448.0,0.0,0.0,0.0
8475797,Jarred Tinordi,CHI,D,52,0.0,32.0,0.74,48815.0,0.0,0.6153846153846154,0.0
8477503,Max Domi,TOR,C,80,9.0,137.0,11.92,66168.0,0.1125,1.7125,0.06569343065693431
8475784,Jeff Skinner,BUF,L,74,24.0,211.0,22.77,71023.0,0.32432432432432434,2.8513513513513513,0.11374407582938388
8481178,Egor Zamula,PHI,D,66,5.0,61.0,2.69,63587.0,0.07575757575757576,0.9242424242424242,0.08196721311475409
8478099,Kevin Labanc,SJS,R,46,2.0,60.0,4.52,32077.0,0.043478260869565216,1.3043478260869565,0.03333333333333333
8478498,Jake DeBrusk,BOS,L,80,19.0,183.0,25.14,80795.0,0.2375,2.2875,0.10382513661202186
8481751,Lukas Rousek,BUF,R,15,0.0,4.0,0.57,9565.0,0.0,0.26666666666666666,0.0
8482175,JJ Peterka,BUF,R,82,28.0,226.0,21.92,80651.0,0.34146341463414637,2.7560975609756095,0.12389380530973451
8480014,Gabriel Vilardi,WPG,C,47,22.0,117.0,18.56,47961.0,0.46808510638297873,2.4893617021276597,0.18803418803418803
8477126,Jayson Megna,BOS,C,1,0.0,0.0,0.04,705.0,0.0,0.0,0.0
8480807,Mattias Samuelsson,BUF,D,41,1.0,44.0,1.23,50430.0,0.024390243902439025,1.0731707317073171,0.022727272727272728
8475798,Mikael Granlund,SJS,C,69,12.0,134.0,15.74,86772.0,0.17391304347826086,1.9420289855072463,0.08955223880597014
8481557,Matt Boldy,MIN,L,75,29.0,227.0,27.79,85100.0,0.38666666666666666,3.026666666666667,0.1277533039647577
8478477,Mitchell Stephens,MTL,C,23,2.0,16.0,0.78,12491.0,0.08695652173913043,0.6956521739130435,0.125
8481559,Jack Hughes,NJD,C,62,27.0,274.0,25.69,78023.0,0.43548387096774194,4.419354838709677,0.09854014598540146
8482133,Thomas Bordeleau,SJS,C,27,6.0,48.0,5.79,24339.0,0.2222222222222222,1.7777777777777777,0.125
8479407,Jesper Bratt,NJD,L,82,27.0,248.0,32.01,94992.0,0.32926829268292684,3.024390243902439,0.10887096774193548
8483431,Logan Cooley,ARI,C,82,20.0,151.0,16.64,77809.0,0.24390243902439024,1.8414634146341464,0.13245033112582782
8477989,Christian Dvorak,MTL,C,30,5.0,35.0,4.12,27956.0,0.16666666666666666,1.1666666666666667,0.14285714285714285
8478851,Alexandre Carrier,NSH,D,73,4.0,77.0,4.1,82345.0,0.0547945205479452,1.0547945205479452,0.05194805194805195
8478508,Yakov Trenin,COL,C,76,12.0,116.0,15.64,66455.0,0.15789473684210525,1.5263157894736843,0.10344827586206896
8481578,Graeme Clarke,NJD,R,3,0.0,2.0,0.17,2049.0,0.0,0.6666666666666666,0.0
8481030,Jack St. Ivany,PIT,D,14,0.0,11.0,0.27,11510.0,0.0,0.7857142857142857,0.0
8480113,Alex Iafallo,WPG,L,82,11.0,120.0,15.11,75342.0,0.13414634146341464,1.4634146341463414,0.09166666666666666
8476292,Ondrej Palat,NJD,L,71,11.0,108.0,13.88,66663.0,0.15492957746478872,1.5211267605633803,0.10185185185185185
8479977,Kailer Yamamoto,SEA,R,59,8.0,61.0,8.95,42450.0,0.13559322033898305,1.0338983050847457,0.13114754098360656
8476887,Filip Forsberg,NSH,L,82,48.0,347.0,38.77,93015.0,0.5853658536585366,4.2317073170731705,0.138328530259366
8478416,Erik Cernak,TBL,D,69,2.0,53.0,2.41,79430.0,0.028985507246376812,0.7681159420289855,0.03773584905660377
8482095,Tyler Kleven,OTT,D,9,0.0,7.0,0.23,6831.0,0.0,0.7777777777777778,0.0
8481581,Thomas Harley,DAL,D,79,15.0,144.0,7.52,99620.0,0.189873417721519,1.8227848101265822,0.10416666666666667
8477998,Warren Foegele,EDM,L,82,20.0,201.0,26.19,68761.0,0.24390243902439024,2.451219512195122,0.09950248756218906
8475958,Michael Sgarbossa,WSH,C,25,4.0,27.0,3.67,16456.0,0.16,1.08,0.14814814814814814
8477511,Anthony Mantha,VGK,R,74,23.0,113.0,13.92,63155.0,0.3108108108108108,1.527027027027027,0.20353982300884957
8477953,Kasperi Kapanen,STL,R,73,6.0,99.0,10.02,63003.0,0.0821917808219178,1.356164383561644,0.06060606060606061
8481703,Valtteri Puustinen,PIT,R,52,5.0,86.0,7.7,36651.0,0.09615384615384616,1.6538461538461537,0.05813953488372093
8475177,Calvin de Haan,TBL,D,59,3.0,56.0,2.1,58854.0,0.05084745762711865,0.9491525423728814,0.05357142857142857
8478430,Oliver Kylington,CGY,D,33,3.0,42.0,1.96,34151.0,0.09090909090909091,1.2727272727272727,0.07142857142857142
8477948,Travis Sanheim,PHI,D,81,10.0,146.0,9.45,115694.0,0.12345679012345678,1.8024691358024691,0.0684931506849315
8478864,Kirill Kaprizov,MIN,L,75,46.0,277.0,38.57,97096.0,0.6133333333333333,3.6933333333333334,0.16606498194945848
8479314,Matthew Tkachuk,FLA,L,80,26.0,281.0,38.86,89472.0,0.325,3.5125,0.09252669039145907
8478017,Mark Friedman,VAN,D,23,0.0,16.0,0.66,16881.0,0.0,0.6956521739130435,0.0
8475324,Nick Jensen,WSH,D,78,1.0,71.0,3.48,91866.0,0.01282051282051282,0.9102564102564102,0.014084507042253521
8476624,Barclay Goodrow,NYR,C,80,4.0,61.0,8.41,60308.0,0.05,0.7625,0.06557377049180328
8475200,Dmitry Orlov,CAR,D,82,6.0,129.0,6.02,85189.0,0.07317073170731707,1.5731707317073171,0.046511627906976744
8478432,Christian Fischer,DET,R,79,5.0,86.0,9.59,54068.0,0.06329113924050633,1.0886075949367089,0.05813953488372093
8480995,Pontus Holmberg,TOR,R,54,7.0,54.0,6.62,37482.0,0.12962962962962962,1.0,0.12962962962962962
8478500,Ivan Provorov,CBJ,D,82,5.0,107.0,5.18,109039.0,0.06097560975609756,1.3048780487804879,0.04672897196261682
8478446,Glenn Gawdin,ANA,C,1,0.0,0.0,0.09,455.0,0.0,0.0,0.0
8477956,David Pastrnak,BOS,R,82,47.0,382.0,37.46,98054.0,0.573170731707317,4.658536585365853,0.12303664921465969
8480021,Jack Studnicka,SJS,C,22,1.0,20.0,2.13,15116.0,0.045454545454545456,0.9090909090909091,0.05
8475764,Cam Fowler,ANA,D,81,5.0,109.0,5.99,118695.0,0.06172839506172839,1.345679012345679,0.045871559633027525
8484255,Jason Polin,COL,R,7,1.0,6.0,0.37,3118.0,0.14285714285714285,0.8571428571428571,0.16666666666666666
8482145,Mavrik Bourque,DAL,C,1,0.0,2.0,0.19,656.0,0.0,2.0,0.0
8483012,Logan Morrison,SEA,C,4,0.0,6.0,0.84,3152.0,0.0,1.5,0.0
8482141,Lukas Cormier,VGK,D,2,0.0,3.0,0.22,2074.0,0.0,1.5,0.0
8477993,Justin Kirkland,ARI,C,2,0.0,1.0,0.2,867.0,0.0,0.5,0.0
8479520,Brandon Duhaime,COL,R,80,5.0,92.0,10.22,52127.0,0.0625,1.15,0.05434782608695652
8478020,Michael Amadio,VGK,R,73,14.0,117.0,13.02,58656.0,0.1917808219178082,1.6027397260273972,0.11965811965811966
8479661,Tanner Jeannot,TBL,L,55,7.0,59.0,9.11,39660.0,0.12727272727272726,1.0727272727272728,0.11864406779661017
8478495,Denis Gurianov,PHI,R,18,1.0,26.0,1.62,13189.0,0.05555555555555555,1.4444444444444444,0.038461538461538464
8482109,Alexis Lafrenire,NYR,L,82,28.0,217.0,26.9,84954.0,0.34146341463414637,2.6463414634146343,0.12903225806451613
8478042,Viktor Arvidsson,LAK,R,18,6.0,59.0,6.22,18027.0,0.3333333333333333,3.2777777777777777,0.1016949152542373
8479348,Kale Clague,BUF,D,3,0.0,2.0,0.07,2209.0,0.0,0.6666666666666666,0.0
8477946,Dylan Larkin,DET,C,68,33.0,221.0,27.95,82304.0,0.4852941176470588,3.25,0.1493212669683258
8477949,Alex Tuch,BUF,R,75,22.0,192.0,22.95,87767.0,0.29333333333333333,2.56,0.11458333333333333
8482241,Radim Zohorna,PIT,L,33,4.0,38.0,4.79,19334.0,0.12121212121212122,1.1515151515151516,0.10526315789473684
8476872,Scott Laughton,PHI,C,82,13.0,167.0,14.55,77024.0,0.15853658536585366,2.0365853658536586,0.07784431137724551
8480762,Eric Robinson,BUF,L,47,3.0,61.0,8.74,31956.0,0.06382978723404255,1.297872340425532,0.04918032786885246
8478434,Keegan Kolesar,VGK,R,79,8.0,73.0,7.36,51492.0,0.10126582278481013,0.9240506329113924,0.1095890410958904
8480796,Martin Fehervary,WSH,D,66,3.0,61.0,2.9,77739.0,0.045454545454545456,0.9242424242424242,0.04918032786885246
8481019,David Gustafsson,WPG,C,39,3.0,27.0,2.69,21665.0,0.07692307692307693,0.6923076923076923,0.1111111111111111
8481601,Simon Holmstrom,NYI,R,75,15.0,72.0,9.1,59937.0,0.2,0.96,0.20833333333333334
8479982,Conor Timmins,TOR,D,25,1.0,25.0,1.57,24032.0,0.04,1.0,0.04
8483466,Kevin Korchinski,CHI,D,76,5.0,93.0,3.11,89451.0,0.06578947368421052,1.2236842105263157,0.053763440860215055
8479343,Clayton Keller,ARI,R,78,33.0,228.0,24.88,90070.0,0.4230769230769231,2.923076923076923,0.14473684210526316
8479968,Vinni Lettieri,MIN,C,46,5.0,47.0,4.23,26457.0,0.10869565217391304,1.0217391304347827,0.10638297872340426
8481540,Cole Caufield,MTL,R,82,28.0,314.0,30.64,95549.0,0.34146341463414637,3.8292682926829267,0.08917197452229299
8477507,Nikita Zadorov,VAN,D,75,6.0,90.0,3.23,78484.0,0.08,1.2,0.06666666666666667
8481422,Jacob Lucchini,MIN,C,40,2.0,22.0,2.52,23035.0,0.05,0.55,0.09090909090909091
8482964,Arber Xhekaj,MTL,D,44,3.0,61.0,1.67,42048.0,0.06818181818181818,1.3863636363636365,0.04918032786885246
8479410,Mikhail Sergachev,TBL,D,34,2.0,53.0,2.75,46014.0,0.058823529411764705,1.5588235294117647,0.03773584905660377
8479346,Dillon Dube,CGY,C,43,3.0,42.0,4.91,28803.0,0.06976744186046512,0.9767441860465116,0.07142857142857142
8479547,Matthew Phillips,WSH,R,31,1.0,21.0,3.96,18939.0,0.03225806451612903,0.6774193548387096,0.047619047619047616
8478400,Colin White,MTL,C,28,0.0,16.0,2.13,15998.0,0.0,0.5714285714285714,0.0
8480015,Owen Tippett,PHI,R,78,28.0,289.0,24.24,77623.0,0.358974358974359,3.7051282051282053,0.09688581314878893
8476432,Boone Jenner,CBJ,C,58,22.0,155.0,21.01,69934.0,0.3793103448275862,2.6724137931034484,0.14193548387096774
8474600,Roman Josi,NSH,D,82,23.0,268.0,16.69,121185.0,0.2804878048780488,3.268292682926829,0.08582089552238806
8484325,Waltteri Merela,TBL,C,19,1.0,17.0,1.69,11190.0,0.05263157894736842,0.8947368421052632,0.058823529411764705
8477435,Ryan Graves,PIT,D,70,3.0,77.0,2.59,77229.0,0.04285714285714286,1.1,0.03896103896103896
8480776,Sheldon Rempal,VGK,R,9,2.0,16.0,1.99,5385.0,0.2222222222222222,1.7777777777777777,0.125
8473504,Cal Clutterbuck,NYI,R,82,7.0,59.0,9.01,58447.0,0.08536585365853659,0.7195121951219512,0.11864406779661017
8483491,Ivan Miroshnichenko,WSH,L,21,2.0,30.0,5.02,15297.0,0.09523809523809523,1.4285714285714286,0.06666666666666667
8482671,Owen Power,BUF,D,76,6.0,108.0,6.61,104515.0,0.07894736842105263,1.4210526315789473,0.05555555555555555
8477320,Anton Blidh,NYR,L,1,0.0,1.0,0.01,321.0,0.0,1.0,0.0
8482809,Jackson Blake,CAR,R,1,0.0,2.0,0.11,918.0,0.0,2.0,0.0
8479458,Nikita Zaitsev,CHI,D,38,2.0,31.0,1.07,36322.0,0.05263157894736842,0.8157894736842105,0.06451612903225806
8483619,Filip Roos,CHI,D,4,0.0,2.0,0.04,3535.0,0.0,0.5,0.0
8483512,Matt Savoie,BUF,C,1,0.0,0.0,0.0,235.0,0.0,0.0,0.0
8475793,Ryan Johansen,COL,C,63,13.0,78.0,12.17,51570.0,0.20634920634920634,1.2380952380952381,0.16666666666666666
8481711,Matias Maccelli,ARI,L,82,17.0,149.0,17.46,79871.0,0.2073170731707317,1.8170731707317074,0.11409395973154363
8483546,Marshall Rifai,TOR,D,2,0.0,1.0,0.02,1399.0,0.0,0.5,0.0
8476994,Vinnie Hinostroza,PIT,C,14,1.0,27.0,1.54,8190.0,0.07142857142857142,1.9285714285714286,0.037037037037037035
8471698,T.J. Oshie,WSH,R,52,12.0,90.0,17.98,52631.0,0.23076923076923078,1.7307692307692308,0.13333333333333333
8482077,Dylan Holloway,EDM,L,38,6.0,56.0,6.27,25927.0,0.15789473684210525,1.4736842105263157,0.10714285714285714
8479591,Michael Eyssimont,TBL,C,81,11.0,149.0,13.49,57605.0,0.13580246913580246,1.8395061728395061,0.0738255033557047
8478109,Victor Olofsson,BUF,L,51,7.0,66.0,5.35,35401.0,0.13725490196078433,1.2941176470588236,0.10606060606060606
8476422,Mike Reilly,NYI,D,61,6.0,126.0,5.36,62791.0,0.09836065573770492,2.0655737704918034,0.047619047619047616
8479066,Ryan Lomberg,FLA,L,75,5.0,68.0,7.05,42931.0,0.06666666666666667,0.9066666666666666,0.07352941176470588
8478911,Matt Roy,LAK,D,81,5.0,135.0,7.41,101549.0,0.06172839506172839,1.6666666666666667,0.037037037037037035
8477505,Alex Wennberg,NYR,C,79,10.0,91.0,12.36,85267.0,0.12658227848101267,1.1518987341772151,0.10989010989010989
8470794,Joe Pavelski,DAL,C,82,27.0,194.0,25.97,82702.0,0.32926829268292684,2.3658536585365852,0.13917525773195877
8475848,Brendan Gallagher,MTL,R,77,16.0,154.0,21.55,63713.0,0.2077922077922078,2.0,0.1038961038961039
8479369,Andrew Peeke,BOS,D,38,1.0,37.0,1.07,37389.0,0.02631578947368421,0.9736842105263158,0.02702702702702703
8480434,Sean Durzi,ARI,D,76,9.0,142.0,9.2,103601.0,0.11842105263157894,1.868421052631579,0.06338028169014084
8480748,Kiefer Sherwood,NSH,L,68,10.0,110.0,9.6,49653.0,0.14705882352941177,1.6176470588235294,0.09090909090909091
8484258,Sam Malinski,COL,D,23,3.0,31.0,1.46,19631.0,0.13043478260869565,1.3478260869565217,0.0967741935483871
8480058,Pierre-Olivier Joseph,PIT,D,52,2.0,42.0,1.21,47064.0,0.038461538461538464,0.8076923076923077,0.047619047619047616
8480157,Calle Rosen,STL,D,6,0.0,5.0,0.14,4559.0,0.0,0.8333333333333334,0.0
8480789,Oliver Wahlstrom,NYI,R,32,2.0,41.0,2.95,21255.0,0.0625,1.28125,0.04878048780487805
8480031,Max Comtois,CAR,L,1,0.0,1.0,0.39,784.0,0.0,1.0,0.0
8478970,Jalen Chatfield,CAR,D,72,8.0,90.0,4.75,65652.0,0.1111111111111111,1.25,0.08888888888888889
8475799,Nino Niederreiter,WPG,R,77,18.0,170.0,22.54,69138.0,0.23376623376623376,2.207792207792208,0.10588235294117647
8471724,Kris Letang,PIT,D,82,10.0,164.0,7.82,121467.0,0.12195121951219512,2.0,0.06097560975609756
8483763,Maksymilian Szuber,ARI,D,1,0.0,1.0,0.02,1019.0,0.0,1.0,0.0
8474618,Marco Scandella,STL,D,65,2.0,42.0,2.14,48648.0,0.03076923076923077,0.6461538461538462,0.047619047619047616
8480226,Marin Studenic,SEA,R,2,0.0,1.0,0.13,973.0,0.0,0.5,0.0
8475754,Brock Nelson,NYI,C,82,34.0,250.0,27.82,88971.0,0.4146341463414634,3.048780487804878,0.136
8477938,Haydn Fleury,TBL,D,24,1.0,25.0,1.33,23218.0,0.041666666666666664,1.0416666666666667,0.04
8478840,Will Borgen,SEA,D,82,3.0,97.0,3.84,86532.0,0.036585365853658534,1.1829268292682926,0.030927835051546393
8481679,Maxence Guenette,OTT,D,7,0.0,6.0,0.18,5791.0,0.0,0.8571428571428571,0.0
8480871,Adam Boqvist,CBJ,D,35,1.0,45.0,3.07,38395.0,0.02857142857142857,1.2857142857142858,0.022222222222222223
8474166,Alec Martinez,VGK,D,55,4.0,72.0,2.8,62846.0,0.07272727272727272,1.309090909090909,0.05555555555555555
8481656,Aliaksei Protas,WSH,C,78,6.0,113.0,13.36,64332.0,0.07692307692307693,1.4487179487179487,0.05309734513274336
8482634,Alex Steeves,TOR,C,1,0.0,1.0,0.19,614.0,0.0,1.0,0.0
8479419,Brett Murray,BUF,L,2,0.0,1.0,0.32,956.0,0.0,0.5,0.0
8477962,Brendan Lemieux,CAR,L,32,3.0,29.0,3.03,15373.0,0.09375,0.90625,0.10344827586206896
8476878,Zemgus Girgensons,BUF,L,63,8.0,73.0,8.12,44792.0,0.12698412698412698,1.1587301587301588,0.1095890410958904
8477346,MacKenzie Weegar,CGY,D,82,20.0,208.0,8.59,112817.0,0.24390243902439024,2.5365853658536586,0.09615384615384616
8476854,Hampus Lindholm,BOS,D,73,3.0,99.0,6.1,101997.0,0.0410958904109589,1.356164383561644,0.030303030303030304
8478420,Mikko Rantanen,COL,R,80,42.0,271.0,33.51,109947.0,0.525,3.3875,0.15498154981549817
8477456,J.T. Compher,DET,L,77,19.0,108.0,17.18,89574.0,0.24675324675324675,1.4025974025974026,0.17592592592592593
8482745,Mason McTavish,ANA,C,64,19.0,130.0,16.7,62499.0,0.296875,2.03125,0.14615384615384616
8477488,Brett Pesce,CAR,D,70,3.0,107.0,5.79,85212.0,0.04285714285714286,1.5285714285714285,0.028037383177570093
